opportunity_id,opportunity_title,discovery_theme,problem_statement,target_customer,topic_key,signal_count,independent_source_count,latest_published_at,median_recency_days,problem_evidence_count,purchase_evidence_count,customer_evidence_count,highest_signal_score,average_signal_score,evidence_links,representative_signal_ids,opportunity_score,confidence_level,status,created_at,updated_at
559f171bec43ffed,Unmet Operational Need: General Need,unmet_needs,"16 eligible signals from 15 independent source(s) indicate a recurring unmet operational need affecting business users, focused on general need. This is an evidence candidate, not validated customer demand.",General business,general,16,15,2026-09-26T23:30:00+00:00,27,8,0,0,8,7.19,https://news.google.com/rss/articles/CBMisgFBVV95cUxQYm5ZdTBBdWJKX21mWTN2MjkzMEFrNW04ZE5vTmJzeXNKeXlROG5fa1Y5c2Jma1hQaFFhYVBoeDZBX29uM3NFMndpc0pGYWZqYUVaeFQxSlEtTFZ1aThTMHA3NGtyQmxfSnNvamdhNVE0em5nU2gxdjFBS0U2bnZjWTQycW5tN2VJeXFYLUZKYzVyV1dsVkxkeHNRbTltZjloUHlmVUdmbjFUZEoyYVZuc093?oc=5 | https://news.google.com/rss/articles/CBMivgFBVV95cUxQQkFsSG9kRmFOVHlZQloxUTdIRWEzNHEwR3pXN1l1RHBGOXVObVJ3QXZmZTdfWWxNaW50cFhmel95WGttRTc5QU5xUGxMLUFKeWlFcExsaksySEJMS1N4VF9jelQzTElXTkFfUDRaWWtsN3ZibG1GUFpsTUhGNldFS3I2UzMxNk1lT3liRF9uWjBFM3YxUWtiVThYR3AwRVpPVUpBcGdxUEp0V2FVTW0xU3pjVzUyVWlJM191S0Rn?oc=5 | https://news.google.com/rss/articles/CBMingJBVV95cUxNWk9IYnBreHU4akNGZV9XUDRCMWRvMi1oRVJwZHdIcDdlbS1IS3lSQjlNcnBXdXlEUFJJT2dLcXV1aENIUC1laERPYzdvczYzVDYzcjJocWx4SFZGSkhLcFZMU05rRUpXSzNaR3dYWk0yWU5DZ2swd2xLSVBpYmpBWnhqV3huQm40TW5EQTdfVjFzMW1HWUhRcHJUR0pUc3hoM3hRWDRDckZFdVV2RUdRNjFJWlJrdWtWM0J0QVVJR015NDNhSHF2VFNtMG42RmZjUXFUUGh4OExabmZIS1pETnMyblo4N3d3a2pmbFBidEpqblNjcHJxSGdKTi1aSzFPTjExX3N6aHFWM2ljVWFhUlVHMEp5WGJtRUFfNGhn0gGjAkFVX3lxTFBsem4zeEFoV3Ezckt6d2JaRUR3Yk0tOE5GWUJBM2ItanJLWHI1LVoxeU1LRFBEWElJYWwzQ3padFI1cWJBYWJPMjRIZldWMkx4OFZoYXI2M3Vxa1JnYVhXRHNzLTF3cFZIZXpPWXpuM2M4SGgweWFOS3JFUnhtSGV5dE5MMVJyVnJaTWNGTlhCQVZHVlYtZ2pOR2JCd0xCaFNEOTRIcURUNS1QQ0tfekVzNl9nQ0RRUWY0dnMwWnlYdHIwUG5nRWs2RFpDOE9uLUpNYVdsQ1FUajlIUnJKSmVldXN4M1hzc1R3MncyWVN1bEFwVFNkOGRULVRjdlVRR1VsVmN6NWV6NngtTHBpSExOVnNXcGwxOFNRSVdjR3ozWVFtVQ?oc=5 | https://news.google.com/rss/articles/CBMiogFBVV95cUxQM0tFcGpjVDRQZUVYSDVQbFRtMHl4NXBzWmJXajRicTkyQ1ZhbzJfTGtiS1QtSDAyYU9KV3p1d2psQjUxS2x3cE52R2ZJbXF1SXRXU2k1aTdLZ0czM1A4U2F3bDhid29iNVh5bFFTRm1HNUx3UzI5NXlrUXBycVFsalF6dmVzemhCNFpLSFBFM3o2cDEtQkcxa0RzN2FldVdJTXc?oc=5 | https://news.google.com/rss/articles/CBMioAFBVV95cUxQMFNwX0dOS08zZHdmd1hOZDBvOFRKUHFMSUFuVUttNjUwakxyNmFoNHpEaFlwTlIwMlhxeWxBdmJxM3BYTWZzWlpuUFNCVEhhTlNGc0tyamlQM01SZzF0RVFrVHF1LTBMRlVNbmVtM2pQbExnczd5aU9XRlEwMjh3cGtLNmxKYnIweFg5dGZjLXJOeGk5VmJ6eENoek1JaHI3?oc=5,0b5da5fdddd10e74 | b09fa42bd8578645 | 56b1fd1f30ef46ab | a221574f0992782f | f1c51b4c853a5d68 | 9a18142754c156f4 | 7419fdae3876997a | 55f712c34e0bbe11 | 8f693065479a018a | d1a8364f04da8419,14,emerging,ready_for_review,2026-09-30T12:48:06.289638+00:00,2026-09-30T12:48:06.289638+00:00
c1ef4aa350a63069,Product Comparison and Alternative Gap: Affordable Alternatives,comparison_gaps,"10 eligible signals from 10 independent source(s) indicate difficulty comparing, replacing, or selecting solutions for business users, focused on affordable alternatives. This is an evidence candidate, not validated customer demand.",General business,alternatives,10,10,2026-09-10T07:00:00+00:00,484,6,6,0,13,9.3,https://news.google.com/rss/articles/CBMikgFBVV95cUxPRFFpdnlCc29wMEQ5SG44YjJxOVNoUWJ2T2N3REdIcUtGenpSTlV5X1pYNm44RGRMbUVsUUJhcGlwSTVHdmN2UHNIclUzOHhBTHM0RkFQWHptMUR6eGltcF9EbUFDakEzVkxpbklFS2FTNkVYTEhyZUVWZ0lZcXdUb0tVVlQxYXFuRWg3RmhaOGt4Zw?oc=5 | https://news.google.com/rss/articles/CBMivwFBVV95cUxQZDloWW5lTWp4WF8xMHhfdzZBcUFWLVBuQWdyU19rM21DMU41WERRMFkzUWFVSk9hTmp1RENwdlRzUEVrLVhxMHVXbU1ZN0V2LTgzYm1qVXdlbE1oNDlNM3R0aERQbVpBT213a1k4WHNIUXFodVhhX0l4QnNWWFByeVhETDRHanRFVkI3OUtfaWdnX1laZVdSSkJMZHJxUEMtTmllSjVQMTFoZ1VkNkVQRlpxdWpPRE53NjFhdGM4WQ?oc=5 | https://news.google.com/rss/articles/CBMib0FVX3lxTE14ODE1N1pMUVc0dVhhMGIya2NrUHhTMU95YjJMa01sOXNtbDJIN292T3VJR1BRd09tdlowME0yRFJDckNILWFYajVxTDh0STM0YmZrc29HSFNFZVYtamJpYl9oNFFjcEUtamZYd3lNUQ?oc=5 | https://news.google.com/rss/articles/CBMifkFVX3lxTFBfdW5kRElHU1hsTlNsMFh3VHR0cG5Oa3N5LWZBdjNrWnRDMHhhN1hRR2lHTFJXNEtTamctZ2hJTzROejlQZ1UtUVZTbWFMYWRYZ3lqMExCUUJ0aWRUMGNwTjhON1N1bzVSeEtXX0tZVy0xODlTYldXYVdQWmdiZw?oc=5 | https://news.google.com/rss/articles/CBMikwFBVV95cUxNQmk1cjJNbXF1YlFhWm1seVVFdGZJRVdER2ViM3JoZUxRaUo3cno0aWpPaWUwM0VyUGpBYzNsWEpkRTllcU9HSG1ueUZwdnFJc1M0eENBLU1MX05MVm1jSHhNMy10TVJFNGwxN3ltZkRBZWJOWTFmbjY2YnlmVVdWeUl0dlNGMVVlaFlPRlpYTmV5b2M?oc=5,c634df1bdbd09bde | 11508e31c6ba6e9e | 120d282e8a4decab | 03c4669e9dd0f8bb | a2ccd287a72f0e5d | c3b9ef7300dbbafa | 6d1d9e408b2e68cf | 831395edc4292e29 | 5ce3ff9941474210 | cacea83594418a6a,14,emerging,ready_for_review,2026-09-30T12:48:06.289638+00:00,2026-09-30T12:48:06.289638+00:00
25ac27715a2827f3,Underserved Customer Need: ROI and Cost Control,underserved_users,"8 eligible signals from 6 independent source(s) indicate an underserved need affecting business users, focused on roi and cost control. This is an evidence candidate, not validated customer demand.",General business,roi_cost,8,6,2026-07-30T07:00:00+00:00,258,3,4,0,10,9.12,https://news.google.com/rss/articles/CBMiVkFVX3lxTFByREhWQmx4bEJkWlpLV2kzcThPUEd0Wkw3dzRhOE56U3lhSEdBcmpyVGFzS0VOSk51LTZnZmZJUDNwX2JCQnc3N1l0QVE1amNGNF9xUEtR?oc=5 | https://news.google.com/rss/articles/CBMiVkFVX3lxTE1lVXR5QmhjbW1sNFlHZW1PWmdZWFB1dFdOM1lENVJVNGZrREZaelRaX2FGczFOLS1GMVpUbHhIXzFlRlhGa05KTHJhcTNBVlc4VVNEU193?oc=5 | https://news.google.com/rss/articles/CBMisAFBVV95cUxNMWFsbE5PX3FCNmc2YlNCTHFzZHBZSzJOaFR5Q0ptTmNHQXZBakg3QmRrejJ5OXl3a01qY3g0NGZ2aF9jM3VnWHJadl9sMjNGLVppdEJGWExqREFzdUpTLXluVHNTUXhUdzRXQUZEYWY4TWRkOEZIV1BMVDlCcjBNY0dPblZKQnlkZ0lSVjZNVmFoYndrNGxNQzU0MmtGX3pfai02cHJzVVdyVXAwNGdGLQ?oc=5 | https://news.google.com/rss/articles/CBMi3AFBVV95cUxONnF3aUpmYWF4Qm1NQVZLYmozZU9UX0pQMVhxVXJaaE1hYzRkcEt0Q3VmdGFQMEc1a0x3dGk0Wk80enh5aWtkdXBDVHZqUFNJTVBYd3pnM2ktZTZUWllIaFM4OWdRbXpGUHBXUWcwQzhsU0ZhS1B4UTllSWlWQlJjMk4tSS1SWG01d2Nkd2lyaVJnUTBjRnRzTzVyaW50dm9USF9RZnlzWFR3LU1mNVZyVlBFNkJaN2hvTGJ4T19HeU5aeG04QTJBNnRBUzBXbjYyOVNvdURydnRSb21G?oc=5 | https://news.google.com/rss/articles/CBMinwFBVV95cUxQSGY2RkVFV1JMM3psdVRaRUdDNzJET2pDUmRIOXJKdklROE1wZlNIdVFLMTNLNHRNQm9rV3BIYjZ3Mi1MRlBWNVFiOVB0R1NqaFRJUS1SYXBhdEd4aXJ5dV8zSVVOVXNISkRvbGVTRE9fMXU1cGtqUmdUXy16eWdCemZqQVhiWU9qVjRPWmFta2dQc1Z1SjJCVVAzTkMzOTQ?oc=5,32f1af888093226b | bfa3471cdd172925 | 4b626ac8e28bce33 | 3265feba4eea225a | 9904c00514bbceb9 | ab00f6e74ab6cf82 | 597efa5447becf53 | 8212eb114dd29202,14,emerging,ready_for_review,2026-09-30T12:48:06.289638+00:00,2026-09-30T12:48:06.289638+00:00
7812309c9dae0d51,Unmet Operational Need: Sales and Growth,unmet_needs,"3 eligible signals from 3 independent source(s) indicate a recurring unmet operational need affecting business users, focused on sales and growth. This is an evidence candidate, not validated customer demand.",General business,sales_growth,3,3,2026-08-13T07:00:00+00:00,48,2,1,0,9,8.33,https://news.google.com/rss/articles/CBMitwFBVV95cUxPdE9yZ1RxUTN3QXllUmt6ZEJ3a3FQWFJCRHN1dlZxOXk4eVd5S1FLc2QxeGluNUlDS3pIR3RaU1dJTTlWOUxheFBqZzY3VkJEM0tBNmM4X1VzOEtOanIwZHltWFJwclBGUnpQMF84WDZQcHBEcjYzSVZfN3Juc2hCTjRheTQ2T1pZZFlJbkxSYWIzMUZQVTlIYUJRYUtzc1RrWUFYcl9UMkxjSXhCVHNJLUdDSTdoZXc?oc=5 | https://news.google.com/rss/articles/CBMiiwFBVV95cUxNME1aWHNQZzF5VHE1eXg4ZmQtcHZBTE00a3dIYnZZQi1HNFE0SjRvUnZmN0JUV3RBa0ZtRWFNMC1SRHluTWpEeEV2LXUtTHR1ZU1VQm5MQmtTYWNCOHFWa1kzdVk5OF9CN3ptYzFBS0dCMVlYTVhJZ2Y3Z21RMHFiS1kweWJFNFhoVHU0?oc=5,960ad99075e1c534 | 6c78fbd35d0b7f3c | 183f1f536bfc1b13,13,emerging,ready_for_review,2026-09-30T12:48:06.289638+00:00,2026-09-30T12:48:06.289638+00:00
33c42d6376d5c300,Underserved Customer Need: General Need,underserved_users,"31 eligible signals from 27 independent source(s) indicate an underserved need affecting business users, focused on general need. This is an evidence candidate, not validated customer demand.",General business,general,31,27,2026-09-18T12:23:11+00:00,174,13,0,0,10,7.35,https://news.google.com/rss/articles/CBMitwFBVV95cUxNWlg0VFB0WTNwb2IwNUVDZ1hOWUExTnI4VWZBZjQySEstRWx4NzdWXzluZk1FNkc2M29hNzhQQVFVaEI2em04S0R6Yzl2NUtKZmRtaFdLYWllcUxkMHdXNWwzS0Q3RVBCUHF0THlXZWtBaUk1bjNidDdQdENOTVkzbXMxQTlQcjR2WEdwU3NRYWZtX3JFT2w5dUUxU1dSdmd1U3NYT1Rmc0hXTDRlQzNVMDUzRU5QTGc?oc=5 | https://news.google.com/rss/articles/CBMiaEFVX3lxTE95bHdfNE5GSXp6ZFowcnYzVWoxcmZRc29rSjc5ZkxHblBqS3V5ZHV4aFV5RWVIWmpMZDdwZ0tTTUhIMDFyWnVPWlo0RzBkWEIzT0l2NENEd3oybVE2Yi1VMVJ2VDlxMG1T?oc=5 | https://news.google.com/rss/articles/CBMirgFBVV95cUxPYWZRLVRTZGhTcEQ5SlYxeVJkYklyblFlZWpuTDhmZjZqVTAwRjhrbHJta0hqVjRLTlkwWU1DY1NoRFdlQllHUHN0eUJDcTAtQTl4d3JvWVhxMFdwa1ozbDFHeGtMNE8xT1lmNTYzeVFveU1VUlpJNnhfVjZfbzBsN2k3Mk45UU9kb245U3d1c1FmOUlCYm84c0NKeFpILUI3YThHYnVQQlJMS3I0clE?oc=5 | https://news.google.com/rss/articles/CBMiY0FVX3lxTFBJbllPMWw4aFJpbnhOaWxQMEc4UUlPWVVhZUlZRDJ1eTIyX2g4Z2RNTkItY1lFWndCM0xHRmRyOXVWcW1fRnp3Q2cybldLckRSRXRuWWduVE5fMmhwMC1GSU9XMA?oc=5 | https://news.google.com/rss/articles/CBMiqwFBVV95cUxQSXBjVjZTcTg1LVVCNTNRV2dSQzY4Y2UtWFRDMTgzaWc3V09ZT3ItdWpVYTVtZWIxckkzQWd6WjBvVGlJd0VqZklnVEc0TFpseXJCeVdCSWdLV0t2b3JVcXFmR0liZFJ5MWhKRVdlTFlsNjdpSG1VaF92WlVYT29vLVRCaERJWmRndkhILXNESGtkdG1VZXRrbUpBejEtTVgyUXN3dTEyeWs5WWs?oc=5,39210f2827b143b4 | ed238e79ff214ce2 | 2660ec07e647ec22 | 5fb619e13c01e66a | 29ece2abaae8cc54 | e4c625fd5fa5be1d | f1a33b2b391cdc29 | 659d5cc0af872a32 | 12025a72a3629396 | b3772c3776fa4f4c,12,emerging,monitor,2026-09-30T12:48:06.289638+00:00,2026-09-30T12:48:06.289638+00:00
013b8e6b1288733f,Purchase and Tool Demand: ROI and Cost Control,purchase_signals,"12 eligible signals from 10 independent source(s) indicate purchase or tool-selection demand among business users, focused on roi and cost control. This is an evidence candidate, not validated customer demand.",General business,roi_cost,12,10,2026-05-21T07:00:00+00:00,695,1,10,0,13,9.58,https://news.google.com/rss/articles/CBMixAFBVV95cUxPby1zLTVFdHlaclJGNk9JR29XRWYyRXR3MmtXQVY1dVJ6MkE1QmNFUTVFS3k2eG1BZU1UZll6TlU3MzNpYUhncGFkeUJaR3gxN3BVVUZXV1JnNndLZGtPLUI0S2RndTg4RkR6X29CZmtLS1lxc29JZVJOOVNFbUoxYk9qWk5aN3pKdHlHMmI5UF9yREJXaXAwSkVmRVQxWlpKdFJQNWlDaFB1ZE1WNmJBQlRZNkU3b2hVSUFnOERCSnJhMFhw?oc=5 | https://news.google.com/rss/articles/CBMihwFBVV95cUxNbjlNVkRGTUdjMzgtZnNtMWY4VU4ycUdiMEhkbmZCRGRxaUFsa3p4UDVzbGQxY0NCMXJjamZMNEJ2dVl6Tmhrc2p6TEVmU2pqSTBNQ28xc3pLSU5TUGJWSF92SXpmOGpPZ19BQTlCeDQzaWpkQm1xbzNNamltZF9VS2prb2hFSGs?oc=5 | https://news.google.com/rss/articles/CBMikgFBVV95cUxPMzFtMzAwOHVUUlcwcEN1VTFNUEVCREZLdFAyS1VROFJPUVRPbUlhelg0OUhWZ1VUek03Qi1CSFA1Y09wbjBJVmZUVmJWOGxxUkZRTnJ3dW11Nkk0U2p6ZW1EYXJiWW9uNDZObkRlaGU0R1lUZXJUbW0teks1a3g2aWhNMUxIMFNYOXUxeVRHeEhldw?oc=5 | https://news.google.com/rss/articles/CBMiugFBVV95cUxPNjQ2Y3FvVW9QTkRkWlJtdzRwUDJOb2ZOVkZ2MmZOSlB6SDJzYldmQ2xpdXM3aTdUR19ZMFpKUW5KcWJTeWNVd2lpdE1LVWZnN3lEcHBOeE9zWGF0YWJVNGMyb214WFUyMzdQWXRUY01yRThna0RRV2pxU3hsN3M1Rlp0eXZubE0yWFBzMVRYQWNWSG4tay1TbHhXNlg4UUlURTZKQ25wc05EVFRhY1BFZDc4Z08tdGJza0E?oc=5 | https://news.google.com/rss/articles/CBMidEFVX3lxTFBaN3NZMmVTSEVKcWw4cUtYN2V5cHlzTTdJdWJtREdlbGxfZlVLQzdOWDdORXpscDdXeFp4akljbVdaUVdvTFYwS3pNWllPNXh0SmYwS3BxWTBSTEx5TTNqN05reUVvMHVoRWFNTGxPcGFwWmdh?oc=5,975973c45b421d7f | 3af4e6c0c8e9a8b0 | e16f65c6d11a67a4 | e2064fca99738070 | 46d8b3d650c596ec | 10033fd59a660527 | 97be9d552fd88990 | b1a26ec30a929d48 | 6a9279bde1fa842d | dd30f4b7447a3405,12,emerging,monitor,2026-09-30T12:48:06.289638+00:00,2026-09-30T12:48:06.289638+00:00
130d44dd70e2a646,Failed Process or Pilot: General Need,failure_signals,"6 eligible signals from 6 independent source(s) indicate a recurring process, spreadsheet, or pilot failure affecting business users, focused on general need. This is an evidence candidate, not validated customer demand.",General business,general,6,6,2026-09-24T09:01:50+00:00,61,4,0,0,8,7.5,https://news.google.com/rss/articles/CBMi4wFBVV95cUxPclo0b0JqSUR4SDc1UDF6SkdRQzE1TGh0UzYwVkRxLVU3d29jV09ZdUw5cmVRN1g0cDNGOGpoQkpQWVR5c0djZWd5WU9sMnNHZS1RaDhCbjFIbjJUT0xFbUZGX3hPT1pjUTdLYWlaNXZMeDVFdE1oZGZkTk9ybWItMG14dUN4TWQwN214cGhqTHdZUXVBR0UzWVRPdDZ5MTdxS2hxQk5SUGt6ZE5pdmM4dGdDU1pRdjJoZmRHbEg2LTh2dDF0bnVNRl9HYm9mazdhRGVFTVB1b0xSd19ZMjVpdmo1b9IB6AFBVV95cUxOMzJydFpTaDBsa3pfUTFib19oeWNYbDdjbGFGSlNrSGdRdGt1bjZfem1WTFRrSmxudUJxUDZCN1JBTlhsZkQ0WW1VYWoyLXNqNzRRdURNemhNdnhqVS1WN1F4OW42LXh4ckZwd1JxNUdoZXl1UlNFOUl6d1B4QzBwa3U5N0M4NjY2dFI4NXlLREVEQkU1SHJPY0p0djl4aVl2Vk80LU1lNG5GYVhWOHRXVFZNdTVaekhuT3Bmdy1vN2s2Z29qejQwUzBUQjNmanRCcVJJYmc1cUhhNzVySEdtR1pvZldERTJB?oc=5 | https://news.google.com/rss/articles/CBMiiAFBVV95cUxPS1FuaTRPdDNxWGVSUXdtRUpqVTBkOUI0RF9XSDF2YWJJWGI0SWt2enNMYUVVNDIyY3dicERRX2I5bzNOXzRYdnQyWC12NkhEVUhfYmJ5SVd0R2lCRXBDOU14UzQ5Sm1paDJDX3EzazhDWHlvNWFDUXpCaURIYmd5T0VhaktaLTNh?oc=5 | https://news.google.com/rss/articles/CBMipAFBVV95cUxOQ0doUWNpeGpoX1czSF9VWmJJTWhtYThuZmR0dUE1OVlGaDJRZURXbDRzOVRyR3ljV09aTEIwS1FpZVMwa05YRFdPaUt0YTZJb2NxMnpUMndzdFBYUjQzTEZYejJaUWdMSEswVGNDWGhuZ1YtRHliVmZBM1pEdS1Na3hJUmtKa0pxd0ZFajZ5VFlDMlMtdzV1dWREUklBbnB2SlozcA?oc=5 | https://news.google.com/rss/articles/CBMimwFBVV95cUxPaFdWUS1KRXh5My1rc1kySkE5dDlvd0hjdUJ0bVBqM0RjdkJ3QjdTQkJrNnBHREw0dzNXdUJRNEZUQlRjR2Fxb0ZmV0dQZVlFV25QT2swY3VOQWkwUzNlS2lyOGkxa0dUZS1xTWZQcU9md2NaV0lEVWhHRjZvdXRRSjVucFllODBwR3BWSWFOejRvZUNDVXlfSFlCUQ?oc=5 | https://news.google.com/rss/articles/CBMifkFVX3lxTE42N2hIV3dWRG91aU5OMkFwaGhlSWpTZlFmYmZ1S2R0NGZnanJ3UDFhNjZJRUdOdkYzd1dKSi1CdURFbEY4SmNzNVVkdG5wR3V1VlctWGxGYUJISE12SXhLYUNOeTZ5d3V5MHY2Wk5oNGljWHFpSzVoVkdyZ1Z2dw?oc=5,c47db4aaa19c6c66 | 41e123c04059dec2 | 9d3303154e0197b6 | 0c2a5b918008a310 | 2322b3c78ef60d47 | 7271ea0fa3c5d2d7,12,emerging,monitor,2026-09-30T12:48:06.289638+00:00,2026-09-30T12:48:06.289638+00:00
bd3a46085d4657df,Purchase and Tool Demand: General Need,purchase_signals,"26 eligible signals from 24 independent source(s) indicate purchase or tool-selection demand among business users, focused on general need. This is an evidence candidate, not validated customer demand.",General business,general,26,24,2026-09-18T14:22:36+00:00,500,1,4,0,10,6.81,https://news.google.com/rss/articles/CBMijwFBVV95cUxPa1NpMjlrd1Vrbm05SFRYdmlpYmZXVUVzVnRxWjBTeHFhTVdjWU5MTWE5WnNmUTZqVEEzYkU3R1VpZXYyMHJ4Nnk1SE42VGRrMThHSmpFcVREdnRYZzJuZlJLa0FFbXBZdHhWRmVXTEpBdDBMeUk4S18tM0JWSXEzODI5RFI5RjYyZzE0QlVFcw?oc=5 | https://news.google.com/rss/articles/CBMigAFBVV95cUxQd1FhSU5SQmJCQlhiczhQbjZZN1hjaXhXLUhJUDR2NmJuSGkwVmYwamVlN2RaWHBUQ2ZwSXh6M3BUUThjcnJhSS1lUHBOdWVQcDVRb21adkNEeGlPYTJORDVxc1JZZ2R2N2l1bFphaVgzajlXVG9GWUt0eFBhUy1jeA?oc=5 | https://news.google.com/rss/articles/CBMiZ0FVX3lxTE1wWFFfWDhYdDZISkpCV2RjcHN1Y09iOU11ZWRRLWdnU3RVblIySWxZUm1DMnNFMEtmYWVxYzhxX2RnRlk4X2o0QlJjekEzaWVlWnd0bHhHT1RzdDJTNUcwRG9BU0JGWGM?oc=5 | https://news.google.com/rss/articles/CBMijAFBVV95cUxPNkx6VVBTNFJxTlVvUjcxYkpiUS1pN1c4eXhmcVVCdWVBMTZFX2ZTREdXRlJSQTRCb05HN3pJZHgtN2NzVWRJdTBSRmVTSjJ5QW5fRG5McUNyVU9BWW9VSXB6SDQzMWpyLUdpSzlObjk3RUx2dWQtZU5kbDhiRTliQy1VUDZsdTBMQ2g0dQ?oc=5 | https://news.google.com/rss/articles/CBMiZkFVX3lxTE9vVThOdWZpZi1DN0FjREtsd0Nra2l1WGxhal9zSjNpNERkakZfQnVfSEM4ZTJlQXlZN0MxcHBkWlBaelJWUEhOdm16ZmloOUxpY1I3VDFyaEUxYzdYX0pTOG9MTktzUQ?oc=5,408037e8efe83c2d | e27654e69e47a535 | 18544cfe1e07e1e0 | 47769c785b74875c | 235487d491b5baa2 | 32e500309797296c | e529aed168a6ce03 | 4caa537762152797 | b4c49f7a9ee63a3c | be712d6c12fd245e,11,emerging,monitor,2026-09-30T12:48:06.289638+00:00,2026-09-30T12:48:06.289638+00:00
a18755d807095131,Government: Government Services,underserved_users,"12 eligible signals from 12 independent source(s) indicate an underserved need affecting Government, focused on government services. This is an evidence candidate, not validated customer demand.",Government,government_services,12,12,2026-07-19T07:00:00+00:00,420,2,0,12,11,8.5,https://news.google.com/rss/articles/CBMitwFBVV95cUxOUXA0a01PSDZnUTViZlNQc2lYU2xnSWVPLWNKek1DNk1Rakl3SThQWktPbDFMaEMwa1BfTzFpT0FYb3pCZmV2WnNZTDdBQUhpTzdOd0FVdHJmQXIxLW10ckJOZWpoclhEVkQ3WHNTRl9jT1ItZEU3RDdIT0VHei1TbjA2eTEyTHFvS0pWZEo5MTRjeDcxQ2JCQ0xuRzdjZmR2OXFURWhNcUZLTFgyNDN1UFhWV2hMcmM?oc=5 | https://news.google.com/rss/articles/CBMiZkFVX3lxTE5Jdmt2ZnJaTnIzNXp4VF9aWGFQalNhb1V1VFpZTUJDaFl3cDFhOF9tdFNaMFlGWXRJbURvMEtIMHk1dFU3RUVtOHNvSmFVY0UzWEhicWlrS2VlSmVya0htcXQ0WGlxZw?oc=5 | https://news.google.com/rss/articles/CBMikAFBVV95cUxPMUtpQlpDdXhfckx6WEtfa3JBS3htTDFCeVBrc0g1NDREUm5hamx2MjRGTEFTUHNGdENKUFpXOFNKQ3BUTFlGZEx4Vnk3Q1NJbWdLMUdLVzM1RlR3TmtaR2FhSG55Ni1HSlNEZ0NSQjlaaUw3bmpOZVRXZ3A3ZTk3S01zeGY5WllfZ2txMnhnWko?oc=5 | https://news.google.com/rss/articles/CBMi0wFBVV95cUxQMkd4QzVwYm5jWXZzaS1MeEtWOFVZcUdBaUJuQnRvLUVJTXpZYTBoN25sQU9zdWN5UjBGS05vS1NhTmI0Zk9ZVlBtVEJRay1NeFQtM3pDNkJQWXFVMEZCcGRJdE9OeW5VQXhwMzZMMlRSMUF3NWU5WEN0V09mSXFjaUNPdy12Q195WmVKMWctNEptRVg4YlNBQUh3YkY4VmE3d1hmZmxJRXItZ2liRmg3Qkk2Tnc1WTF1SExzSDlOWXRyMmIyLTJjSDhWYUd6cjNMQWV3?oc=5 | https://news.google.com/rss/articles/CBMiuAFBVV95cUxPdDg0ODViVEFzbWJSMGhzWFNxYjNQenVMNnhWM3dSY3V2UUpLM3IxZ0pzbXN0RHYwcm93TEpUMFlVOW5Jc0F4cDNWQWdDSWQ3YVhPVVl4WkJPdzRFSC0zR0c3TkNqYS14QWQ2Q2Z1QnVramtKcjVrTkVXYktBQmZLMHUxblA0OWJDQlNkeDl5UElUem9yQUpWNjVkbi1ndmt5X3VBUFBCSmlHRDJfZzI2a1Y4YW5XT0Ff?oc=5,ec6b9cbc6a06e480 | b5b5b8b99ff4d904 | ff3b0fdf4fddc7ba | efda829c1073b036 | c20a20ab32cbd865 | 61826140a88f95dc | 931f502100478547 | bf6add394ce2cb68 | b0f85679e3ee7485 | 0fe38876a111405a,11,supported,monitor,2026-09-30T12:48:06.289638+00:00,2026-09-30T12:48:06.289638+00:00
1ad0235f7dc0d591,Purchase and Tool Demand: Affordable Alternatives,purchase_signals,"11 eligible signals from 11 independent source(s) indicate purchase or tool-selection demand among business users, focused on affordable alternatives. This is an evidence candidate, not validated customer demand.",General business,alternatives,11,11,2026-09-08T07:00:00+00:00,261,0,5,0,11,7.91,https://news.google.com/rss/articles/CBMiZEFVX3lxTFBySmpEelRXTUoteHFfMTQwZ194T01OdjNuOUNHbW5FSEtuMkc2eVVQZVdZMUpzeVZiajQ3cWVHNnJoamhfdEFIYUdzYnVLTk9vU0VrZ1d5UWsyMnE2M3JZWDB1eGE?oc=5 | https://news.google.com/rss/articles/CBMieEFVX3lxTE1WOHRTZkhJMkdKV2lub0pLbnNOQzBkclRmS3IyaUllVklHY09DS2JCOWJ1ZTEwaHpWVmFhUGZTRDZVNVZfZm1SNkxvYW9NOVB1eEpzcFFCaUpHWjBidzBiUWFoOXZCWmthX2JsS2V5RzN3cVhrenpndA?oc=5 | https://news.google.com/rss/articles/CBMimgFBVV95cUxQc3lEbDZwOERGUFpManQ4QWlBdVVkeWoxRFpDd0Zxd0JOb2tBQXVqS3NEZ1A4QmxSd0w0T1N3WE0wODZObUpvRlJrekV1dFJHaV9uR0hHZ2RCc3dRMzJqTnpibDBrU3lMRzBReC04LU1ubTlTa0VNSUNfZnhpZUJxODNEbFduWklORU1NZ3IxYnpXTUxhQkdqT3h3?oc=5 | https://news.google.com/rss/articles/CBMiW0FVX3lxTE5EVWRITExLV1MxLTBzemxudTREUENZR0JqOEJtZVl2Z1ZycGhVUk1wVVA0Z2swdmwzRmh5Rk5meW9DOGdtNVFBVTkzZHlKTS16bjduSXZzYUZuOVXSAWpBVV95cUxQbHBOeTV6QUxjNTZQOFdONDJGUXRvWnEyUXMzXzRCUnl0WDl1SURBaTlUQnRaaVFYWDBkNllHNFNEN25fR0poa3ZaTDd0QTAzTzFtdXlZLTk0Ml9mcDZpMFlZWHotVm02aHNB?oc=5 | https://news.google.com/rss/articles/CBMiZEFVX3lxTE1pbk02RlFZUXpobHlqUGtRV2JXOGdqQWVrQ1JYeEJCaUdQekhjVmR6Y09XeTFVaUdJaHdwcVluOWJXU21tWTM1Qk56R2twTUlfRDdDcnY2d1pZbUNsYUlja2YySWM?oc=5,b860118d24e1d18f | 0cee6ca4bd558882 | 6e14dc88375d4406 | a53cd99592749741 | 61346fbe53146e6d | d7e6da625f48880b | b5246aaa481d8c5d | af8871d793045660 | 8c70818977713157 | 1faaa3bb1148107f,11,emerging,monitor,2026-09-30T12:48:06.289638+00:00,2026-09-30T12:48:06.289638+00:00
32272d950b020970,SME: General Need,unmet_needs,"7 eligible signals from 7 independent source(s) indicate a recurring unmet operational need affecting SME, focused on general need. This is an evidence candidate, not validated customer demand.",SME,general,7,7,2026-09-26T14:34:30+00:00,212,2,0,7,12,8.14,https://news.google.com/rss/articles/CBMiZkFVX3lxTE56NkVKTlVScndUQjI4aFlwWHZRelp5N2RObHBtWmUtRU9BdURTVk5UQ21vQmRfVjVDdjM3TDFVV3BRdXh2QnZPbzI3Wkc4bXBBbkU4WDJ1OWNZQ2tJWVRVOWN4dVo5Zw?oc=5 | https://news.google.com/rss/articles/CBMiqwFBVV95cUxNbENTb2o3eXFjemd5SktoZnNTWk5WVTVJa1o3UTFRbGRCNTdHbmE5VHZJVGlkdU5hc1JEZWxzS0ZRbmlhODVESkc4V1FuaXBLdVhCclpWOVJIRTBfS21Idnk3N0dLNVp1TWJCUjYtMW1zZXJOYUIzb3YyQmQtM0ZnNVVIbkhDcklfS2ZVb2VPTV9JcnBZMi1DdkdzTzJyRHdrc3ZsdHI3bUpWUlU?oc=5 | https://news.google.com/rss/articles/CBMijAFBVV95cUxNWFJZSUlSMV96UmU2dEtFZEdqRkJpUDZucVFlZEE5T2VJNWRNcUI0ak9NRXp1RzdVVjIzOWhQRDUzVEhzMUVKb1EtTFE5aEREV0t1WFFadXBnaFdvLXl3YjhKNWdwVWtBc19sNW85czAwOE9MZjJVOTk1WjVZMWZMYXo4Q2NsVDJCN0RTSg?oc=5 | https://news.google.com/rss/articles/CBMihAFBVV95cUxNTDB5Rk5CU0MxUThGQ0NKVkhDZ2pqY2syR0VnaUlHTnpPZVpFRU9mUkZ4cFlnYlFXTVRRa0g2SUZEekdYRWhNZkJUR0J1RDJ0SjB0aHhvMDdUMmR1MVU5RTlkLVpNRzNlS2s4QXl2ZkV6NDJ4NlpDMnhpOW5ZYms0bENpZUk?oc=5 | https://news.google.com/rss/articles/CBMisgFBVV95cUxOTW0yWlZkNHRxWExaX0FPUDgwamMwTGswWk42Wi1FYWtnT05EZGtJVUQtOHFmeldpQjlKRV8zeTROdmFYVm9wbFJWeXcyVDZwVm10SVJJanctMnVydWlZOEM2WGxZZE9pZUNyQy1uUnl4TEFDMTlsd2tfUjRSZ1lVVjF3MHNSLWFJNUs3V2l2aGZDcVlEWTdTOWVVZW5xRjJtQU5LbEF0d1dWMnNWWDVQNTN3?oc=5,1bb7aa194fa42ee2 | fbf18f3cc1cd505c | c4c829c21bf24af1 | 5a88dce472f05429 | 54d31c9c00921e01 | 44128044ab9d743e | 20542bc7b8406cdc,11,supported,monitor,2026-09-30T12:48:06.289638+00:00,2026-09-30T12:48:06.289638+00:00
9be491fc8fa620ff,Product Comparison and Alternative Gap: General Need,comparison_gaps,"6 eligible signals from 6 independent source(s) indicate difficulty comparing, replacing, or selecting solutions for business users, focused on general need. This is an evidence candidate, not validated customer demand.",General business,general,6,6,2026-09-15T07:00:00+00:00,106,2,2,0,9,7.67,https://news.google.com/rss/articles/CBMihgFBVV95cUxNQlN4Y0hJQV81djhpQk1UQWp4WllYT2Y2QmQtQ2d6eGs0RFZDelpsZ25rd0dKOHVpMUFJXzJ3NWxWR1pnRldud1J2dzdVN1F1VGtpdnRQeUI4OTlJSkR2NVRacjJxcEduRjlHQXk4NDdjU1pBRy0wTWZ1WnhaS3dSSVE0LXpIZw?oc=5 | https://news.google.com/rss/articles/CBMihAFBVV95cUxPMVpOZUFMelg1WDVOekdkdDlqTUhTMF9MeVJkM2xXOHotYll5SFRSNENCaV9TS1JBTER1UXpyN2U5U2RRUEhidlJOd2g1WXo0aDMzV0l0c0dJTjlmQ2tnQWs2UF9zQ2xLdmxIdGpfNkU4dWk1RUJIVE8za2pjNUNhR0I2Yks?oc=5 | https://news.google.com/rss/articles/CBMinwFBVV95cUxPYVgtb0hCUDRqaGN0TlVfeGpRV0R6TXFvREQyRTlwcVRrVjNxUkxhZlFxRVhZU2JLWGt6aTBPNVNYMmtMbmFxYWpOTmt6M3Z3QlZoYVJnMFprRzJQMzJEOVEwRjRNYUhhS0V1SHNpZmpPRUoydmlsOVF0aEY2WE1oR0J5eFZCNHRDcEVUcVBiMzk5Z1ZCd2J1NnNMR2tzd2M?oc=5 | https://news.google.com/rss/articles/CBMic0FVX3lxTE5jZW1qZFZhN0QxOVFjZ3g5MC1qUFNkbTFNeWtFaW4xVWQwTUlTMmlXN0tfZTB3cnJXSUoweFFpdHM5dElxa283SThhVUNDTThpNkd6dzZHQmhDaXVpenpfTURxWGJXTGNVWmZzT0NSLVY1Zms?oc=5 | https://news.google.com/rss/articles/CBMihwFBVV95cUxOWFJOeW1jX2pnakdNdldMbkdEMFl0ZGptTk5tRzlldy1fdnRJNkl4Z1ZxNklXNUxNNzM3Uk1TNDRYNGlGbHpGRlA1UXB1VjdKSG9ITEVpRWMxVWl6N3F5VmdhRFdPYjQydlNTcEhVNFRadXdFUnpJQlRoTW5NdDE0aEpDS2hwNGc?oc=5,d3a425918c2039b4 | dc01ec553b285f53 | 4e4c4fb812c7c234 | 0982fc75932ae449 | 99f0076a3e47ce23 | 167fbcfa5c1b0a28,11,emerging,monitor,2026-09-30T12:48:06.289638+00:00,2026-09-30T12:48:06.289638+00:00
2196a32e7f3a994a,SME: General Need,underserved_users,"4 eligible signals from 4 independent source(s) indicate an underserved need affecting SME, focused on general need. This is an evidence candidate, not validated customer demand.",SME,general,4,4,2026-05-13T07:00:00+00:00,207,2,0,4,11,9.5,https://news.google.com/rss/articles/CBMikAFBVV95cUxNb2Y0NHFJMDVKRWE3aldLSWp0UU1OU0JoRzFEUHIxemREd2FaSkliMC1KUlpoU1dlZkhHM3dGX0xDMFNfMXpXUExrV3BRRmhVd1Z5RWttWUZJWGkwVktJUHh4bEpEdHhHUUpnWDdhNVFhU0F1aVpwaGVPM3RGT3h2UlhUT1ZUeWtGOFRaU0xzSVU?oc=5 | https://news.google.com/rss/articles/CBMi1AFBVV95cUxPZS1sOFpjQzYtenV4S3QyaFkxaHlvWlJPdWpMRVRCTG1GbjlwcXZGZ2ljSDZMLTRqUG4yb0Z5SEJCV3ZHcWExMGtaLTJOeFZzUEFrdmQ2eEw2R29KS0JXZ3h3WlVCb01uZnAzVDRLRWRoWEtjdXVvY3FGWG94SnVock4yNlVwdnFyVHU2YmFBbXZTMzhxZXdMMVZSZEpVZUgxaVFRYjdRUFZ5XzRPN2NxdzJSTWMxQnZ5ZmZtM082bFFxYTd1cXBJNkUxZlVTLUV0Skp3OA?oc=5 | https://news.google.com/rss/articles/CBMiZ0FVX3lxTFBaaGlNU1BTa0ZESnJCcWhQVnB6anhtUDJOU28wYVhGTEJNcnNUbWdIeFRyUGpzMkFhR0dMbmg5Y2lCa3JHcDBmQ1NGYnZRcjJhOWdMMHVHUHp1V2dmZmtRcU9qTVpCOXM?oc=5 | https://news.google.com/rss/articles/CBMikwFBVV95cUxQNDZBZ05BWXpNalZPTmxWYkpuSjJOYzRaRERFMFpNaTdaWGRYWXUzc3IwNWp4YW5kdmJKZnVrOHhMSmcxNW1ERWEwRlJ3czJPWlVVemNhZ1RBbE91MGszSWczWFFFMkExVk9tSnNCNmhORXVBTXVkN0hBV2kxY2hEREpmaFFEdGU2QVItZkVKbnJVR1U?oc=5,36385e9b3f06aef1 | dec4f577f367f6f1 | c504ed7dd6e9c2e7 | ab66b20dbb926d24,11,emerging,monitor,2026-09-30T12:48:06.289638+00:00,2026-09-30T12:48:06.289638+00:00
5d08d695f6ac7dc9,Government: Finance Operations,underserved_users,"2 eligible signals from 2 independent source(s) indicate an underserved need affecting Government, focused on finance operations. This is an evidence candidate, not validated customer demand.",Government,finance_operations,2,2,2026-02-11T08:00:00+00:00,231,0,2,2,12,12,https://news.google.com/rss/articles/CBMikAFBVV95cUxQYl82MU1xTDNua0ZILW53MEtMaEVSWGdFeC1PTzltbm5NMFhXWVR3MlFPUkJFTWRRaFJoOTdGMGp4MV9lVjZNcWZPZDZlZ09qUEtFbEFjTl8zQk5RM1pWd2JkYm1vQXpidURFMVluXzRpUDV0MExDYU9VVVBMS0NzTVBGcmI5OHBtZnNJcjEzSVk?oc=5,c4e2616a1d5e0fbf | 94929694658d7655,11,low,monitor,2026-09-30T12:48:06.289638+00:00,2026-09-30T12:48:06.289638+00:00
a5d3f1e212e084f6,Open Technology Opportunity: General Need,open_technology_signals,"37 eligible signals from 1 independent source(s) indicate an emerging open-technology need affecting business users, focused on general need. This is an evidence candidate, not validated customer demand.",General business,general,37,1,2026-09-30T12:42:11+00:00,0,0,0,0,6,6,https://www.youtube.com/watch?v=YJVYX8tllj4 | https://articlesofinterest.substack.com/p/lace-and-labor | https://press.asimov.com/articles/glass | https://www.fig.inc/blog/astra-opus-5-5-and-other-frontier-models-demonstrate-jagged-performance-across-sota-agentic-tasks-from-web-browsing-to-robotics/ | https://twitter.com/danmar_here/status/2105059762240979283,2bdef8d787db0128 | c57ef96dd0492dd9 | b8ebf609181d85c8 | bb406b0aa0e6d5d9 | bb1579853e4476a1 | 3f70c5d839d8b3e3 | accbb2fab343b207 | 9ba77987496df7de | 759a98f8b363cc0d | 2afc0989f9a5ebe0,10,low,monitor,2026-09-30T12:48:06.289638+00:00,2026-09-30T12:48:06.289638+00:00
2efdec77d6cfff66,Purchase and Tool Demand: Finance Operations,purchase_signals,"4 eligible signals from 4 independent source(s) indicate purchase or tool-selection demand among business users, focused on finance operations. This is an evidence candidate, not validated customer demand.",General business,finance_operations,4,4,2026-05-20T07:00:00+00:00,284,0,3,0,10,9,https://news.google.com/rss/articles/CBMikgFBVV95cUxOaDZVV2dMN1l4YjhvSDNPeHViRFdPY0gweDhYaVVZdGd4WS1TQXpqUmdzbVNDd1UxOHV2SGMtbzVCQWk1Z3BWX2UxS3pvbko1dldtX0xrUEpfV29Id2RueUhkT3ViWVQwelk4NFlNRV8xTnZ1RGI0S1pKemtnVjRERlozYmoxM3B0YlE1TXRjY0ZvZw?oc=5 | https://news.google.com/rss/articles/CBMioAFBVV95cUxQRTNfZDkzc0NzcUpwM0pQRDlkVDQyT1BkMHdERUM0dEc5UGhKbzc0bmVJRU9qLTFfN3lPZkEzV21rOXV3c19pcTdhejZFa1lDMmFmNlBTampyR3QzWE5McnFIMTdpVzAwclBqdEFxYnI1WFBzaGdPbV9lREgtUllRTmRBazZlWWFiQTBoMlR4ZTg2RWxjeUJqSWM4Wks3NHhr?oc=5 | https://news.google.com/rss/articles/CBMiogFBVV95cUxNZURDeXRmYTZzX05tX2JUVGdxV0NyVmlaV1pqT3FuMGhDNlh2LV9kcmQ1Y2V0eEFoUDc2RzJGNElBZ3hDLXFyNko1NWhoTXNXZlFINDFnN0NQY1RNU0FIN3N6NmxYVHlSQTBhOURUbXQ1ZjZCVDdaeFhUXzRaSDNuUmJpRUhZb2hsSzRtelR5d09SWm5UMTl3ZkF4M3NkNV9SUlHSAacBQVVfeXFMTk1BR1c1MkNtb1BKaEVLakN2RXRQbktLMHozSlNmM3J3RjZneURXRk9BcGw5aUJQZEFnaTF1UTRQSlZMN0UxR0NxYXFpLWE4VlR5MjlzMG1ubENQRVVDY18zOTMxSDV1UWJ2WjB6Q1phOWJWZmpyblFFT0lwWW9QcnZzYWNVS0E0ZFBybGt5SEZacHFHazB1X1FmbkkzMmowLW1oT1h1TEU?oc=5,f00c2cfef8bb067a | 493215dc2df5643b | 730a1fd5dc8c4f39 | cca18d83adaf7392,10,emerging,monitor,2026-09-30T12:48:06.289638+00:00,2026-09-30T12:48:06.289638+00:00
3c2f298b3f7935e5,Product Comparison and Alternative Gap: ROI and Cost Control,comparison_gaps,"4 eligible signals from 3 independent source(s) indicate difficulty comparing, replacing, or selecting solutions for business users, focused on roi and cost control. This is an evidence candidate, not validated customer demand.",General business,roi_cost,4,3,2026-03-24T07:00:00+00:00,377,1,3,0,9,8.75,https://news.google.com/rss/articles/CBMixAFBVV95cUxOektjWmZRVm1IUjUtU3d5cWVieEZyNzUwWFRPZ1RBbl91aEVjUTZwTnktMmlWa0NoV2RxbU9CUEt3OG1mWXVScERwQms2TDF1dTdjQ25MX0FnQ0MwWm9mZjJEQmZCQ28wX1owTkdPM0UtR09uT01yZk5qRTFDaUFPWDluVmFUeTg3OHZSZ3NXaHF0d19iYTVWeXhwczEteER5TVJPNkpCTVoybnlSX2d2LXN2cmhSTlF3RWdYNm1VenBDSjVS?oc=5 | https://news.google.com/rss/articles/CBMiWEFVX3lxTE9QNThkTmV3TXZIblFYNFNtcGNRNUg5a0p2Xzg3bmctMjhhZjgxUHV0c2drNzZCLThBdk51bUxGV1BzaEkyMzZNMlZWWWlUc0QxR3N0YTZmUkY?oc=5 | https://news.google.com/rss/articles/CBMia0FVX3lxTE5HT1lIT2ttdFVKVDI0ckZrbnFaQUF1b2w5ZmhSaVJFSEt1S245d2xrcXZSV3F0d2ZicXdqM2s2em80NkdoM2tNanBvNm5IZVBQVlRGV1FUT0NQUXQzTkkyTWhMR193WGhyNmhZ?oc=5 | https://news.google.com/rss/articles/CBMihgFBVV95cUxQZ0dLVlNBdkxHdHdFM2hTSDVIMnYxdUlNR3ZnT0F4cVM3Y05fcXJnN29WeURlWHl1T2t4NkZ0Z2FuZ2tKcWhFV0I2bVJmdVN3cDl2dDVUUXJoRldsQ2lTeXIwTUdydzlYb3lQTVhSYU92MEYtai1BVWs1OFBxNWo3X0hsSFpiZw?oc=5,28c92b3e1da550a1 | ab8127a5b95bd724 | 978b21d138a54076 | 418e3dfe01a4a8f9,10,emerging,monitor,2026-09-30T12:48:06.289638+00:00,2026-09-30T12:48:06.289638+00:00
14c733229ad70aa6,Failed Process or Pilot: Spreadsheet Risk,failure_signals,"3 eligible signals from 3 independent source(s) indicate a recurring process, spreadsheet, or pilot failure affecting business users, focused on spreadsheet risk. This is an evidence candidate, not validated customer demand.",General business,spreadsheets,3,3,2026-06-08T07:00:00+00:00,114,3,0,0,8,8,https://news.google.com/rss/articles/CBMitwFBVV95cUxQN2dKNVpWTzl4UVM0QVQ4c3FKWmszZjNoRmZqU3FYYjJHTWszSktzZDJRdmRrdGtUOWsyRFZYWUNOckozSHNJdElidDhMUG1xZ0JvV1VXMGM2Umt1WmZISjNuVGM1R0JWNnJYR0dDQXhfTFgzSGtLRU9lV0QxcUNtbktKcnNoUHVPV3IwSUlIdG5ST3ZNcURfQXF4b1BkZTRRaldQRFJSM213MzIzWmN2MTYzUnlhMEE?oc=5 | https://news.google.com/rss/articles/CBMivgFBVV95cUxQRFh0MHdWaks5cGJwNDc3eEs5UUV1bXNKMlpwcnZBSDRaVWpaOGhwdEt1Rk9zNzVJT0ZwVkxkVWpqbEE5VEZaZUU1aFg2SS03THRTdHpqbkFOZzYyWmtLeUNDNmpPdWlPeXRxRmRBN216VTFVT1gyRWF3V0RPS2RON3lKdHpXenZtNURQczRjSkg2VmVILTJwZEdqa3gwR1pHNU92WmpaSG1ZcjdmR19ta2ZBaGtKN1FDM0NSZWtn?oc=5,32d5f1086662cf4d | 443178ac7d88e904 | 1e9013595078f0e6,10,emerging,monitor,2026-09-30T12:48:06.289638+00:00,2026-09-30T12:48:06.289638+00:00
e58f41f9e4455137,Emerging Opportunity Signal: Workflow Automation,legacy_unclassified,"3 eligible signals from 3 independent source(s) indicate an emerging issue affecting business users, focused on workflow automation. This is an evidence candidate, not validated customer demand.",General business,workflow_automation,3,3,2026-08-10T07:00:00+00:00,195,2,1,0,8,7.33,https://news.google.com/rss/articles/CBMilgJBVV95cUxQUy15MXc3MFRRN3lpUHRZNkEwVUt5TDlHM1E5eGM3OGo2U0g4TzVJTWxMNTNWbmd1YnJBMkx0bXpwMmZsVWhtaG12bE9FZm41eHRUbnRSM19aVFUtMmZNeWw3V2JzTUVhR1RmQmhxLS14S2VESjhoOVJtaG5FN2NFMERIdFNEdVJKZlFQRURlbnhMNF9DZmhHU1RQbjNHU3UwVTVMRWNOZlQ4WFlxYm9NUXlQUjZVcnFnUGlMMGhfUzgwTG5TYWtiRnVBOWFFbFcteTVCTGFNbllzLUc4eFhXZ1JfclVwVFBhN2xoY2FSR1BkWjB4MVhsNWJTYzBGa0RqT3k0T19xUVByNldJOGRVdWsydXViQQ?oc=5 | https://news.google.com/rss/articles/CBMi9AFBVV95cUxOWlo2U21VU0dIR0RNbnAzTERXcURTQm5JcTZ6RmpJX0RCdmplb2xObU9ZQV9NSzdrZV9CUnhDZEZ1MHhUTTcwclJlMmFkM2VFbE9ZN3N2NnZ1VjJ1QVpEUWNqbnNZYmIyWWRDWWVnRFFrSnVHWjQ3SjN2NVpMWG1kS2JTNkNIcXpWUC14TmdoeTNneVg5UmpBdVNTcGpJMGdHWEh3Z3ZoRlNac25Ta1ZRRmh0RUN6bHNpaUlITENmOXl0RWx1eWhIV1laVVhZUjEyb3JWajEwdWJQUmVLdVlNWk0wNmFES2ZlYkpvb21UQWFyczV6?oc=5 | https://news.google.com/rss/articles/CBMixAFBVV95cUxQN2c4MUV5M0lUVDhhUEVFR2hTb3VuRGowaVFmbmJoRVZZS0tOMFBndHJnOUpUZG5uWWppR2RsdlZqT3ljTVI2TWptbEZIWEZ2VWwxa3oyRFF1VnFPTngzY085ZWNuZUtNMmNXNGladF9xNXpkbTJPbGVrRlVDOHVmNFV2LTlLUFE4ZFNNWjVwYzZ5Y0NHQlJET2lPVzRGaG5mOWdoSVVSWVNMRmw2MjFGRWNSUmp2S0JBOFl0MVNJWXR3SGh4?oc=5,f49a3e9a889f4c29 | ac02de1e5a1294a9 | 104d32f030c3273f,10,emerging,monitor,2026-09-30T12:48:06.289638+00:00,2026-09-30T12:48:06.289638+00:00
1e3b163d6376bf35,Unmet Operational Need: Workflow Automation,unmet_needs,"2 eligible signals from 2 independent source(s) indicate a recurring unmet operational need affecting business users, focused on workflow automation. This is an evidence candidate, not validated customer demand.",General business,workflow_automation,2,2,2026-07-02T07:00:00+00:00,90,2,0,0,8,8,https://news.google.com/rss/articles/CBMimAFBVV95cUxOQVExeGJYWi1oYjJiVjJfSi02NzVFb0l2YkJZVnBYb2pOT0pRUzhoN1ZWX0ppM3NIS2JHYjRzSGZST3ZvWVZJV21PdGRIRUNLTWoxRl9qOGc0eklLa3l0MVpISmhiN1g2ZmlyWWs0MzgxeHR0VC1PWnhsbGJ1bmI2YmpQVEJzWEIxRHFxNVVFdHhhODZReHpUZg?oc=5,ff3d573180f637f6 | eb2d8cb74e518b62,10,low,monitor,2026-09-30T12:48:06.289638+00:00,2026-09-30T12:48:06.289638+00:00
971a9f5c9379e7aa,Underserved Customer Need: Finance Operations,underserved_users,"2 eligible signals from 2 independent source(s) indicate an underserved need affecting business users, focused on finance operations. This is an evidence candidate, not validated customer demand.",General business,finance_operations,2,2,2026-08-28T07:00:00+00:00,33,2,0,0,9,9,https://news.google.com/rss/articles/CBMioAFBVV95cUxOSHRoSlJJMEhWaXJXeXVNX1ZhNzJhelppa0RCLWpidnRRLWZSNExZd0R3eUhWS0V3YmthN1JfV2NsZWg1Wnl1bjd0V0MyMk9vbjRqSV8tZm9kdTUzNElHQWpFb3ZFbTFoNzRuUDlxR0JNNDRGUUx1UE0xQWRYUHBIZ0lSLU1DaUhPckcyaE1HaWRNM1VPWFRmcUxtamkwZ0Jq?oc=5,e0e68196ec179262 | d9fd9adee271a0eb,10,low,monitor,2026-09-30T12:48:06.289638+00:00,2026-09-30T12:48:06.289638+00:00
879fc1f1bb3a3862,SME: AI Adoption,ai_workflow,"2 eligible signals from 2 independent source(s) indicate an AI-workflow implementation or governance need affecting SME, focused on ai adoption. This is an evidence candidate, not validated customer demand.",SME,ai_adoption,2,2,2026-09-29T10:10:12+00:00,1,0,0,2,8,8,https://news.google.com/rss/articles/CBMijAFBVV95cUxQWnhLdTdKQ2RGcDFVY0NZbmJtUUE3dVdPYVhISkUzT0ZzNjhlWl82Tm1aclB5VEpfSWx1ZS1QOVpPcE1JaWpHbGNWWVdlTHNCcmxqX3dVdHk2UktjZ0FwdWZrWTlXLWFwNklFNXlzbUlhR2ZoXzd2ek0xRFdDWTVNQ2FWSlNLcXZIcjNaag?oc=5,3d53e3a8a1152baa | acf4f3662760b26b,10,low,monitor,2026-09-30T12:48:06.289638+00:00,2026-09-30T12:48:06.289638+00:00
bb55b73a16e534bc,Underserved Customer Need: Government Services,underserved_users,"8 eligible signals from 8 independent source(s) indicate an underserved need affecting business users, focused on government services. This is an evidence candidate, not validated customer demand.",General business,government_services,8,8,2026-09-14T07:00:00+00:00,736,1,0,0,9,6.5,https://news.google.com/rss/articles/CBMiogFBVV95cUxQVHVqTHZseWt6NWhsQTF4NE1pckRDbkg4OHJINjVpbFc5b2FnN0c5UkpzQU5EY3hSWks0UzNWOFdfUFo5OUUwelJhV1RQa18tM0FkUXZIS3h3THdudGZMbDB3VXJobzFZNXdiNlotYjlXU014UmkwdkVDNWhuYk5XT2ZpSEZZaUNaMXg2Umc4UjJFejVOYURzUFhnTmNHVXpad0E?oc=5 | https://news.google.com/rss/articles/CBMipgFBVV95cUxPUjAyX2RNdWhTVHFmNF9nNkVzTkZKbEZZcWMtY200WmxBVEhqcXRHTEM0cjFnaXVIRUs3TkJyMnk0R1dsMmYxbXlLMWtkXzRkeFBRUFFmVzNmejdTTG5aSWlYZTU5dWZpTlE2aGU0SWV5NHRwaDlQUHdDWGV0ajd6RmtJLU1zeHhaWWJRakx1VWpSQjBTNjI0UG5zblNRdXR5MjhrSTZ3?oc=5 | https://news.google.com/rss/articles/CBMid0FVX3lxTE55Ti1MdERDdHRrUFRrXzNacloxOV9ta19UZ3NDcW1wTEhGUHJjSGVGdVQwTkhyUVZIaU1KVDlidVdRTFQtaURaUGM1NUVPb3ZPRFVuVHFZdlVIZlhweGQ0TXBuQXBJS1d0cEtqcTR5TVhxbzlFSmFB?oc=5 | https://news.google.com/rss/articles/CBMiiAFBVV95cUxOTWdNei1XMW84d1owRjFYc2xmQzZFTEdpYWEwM3plM256V2ZubXFYQ29FU0gxTzgwZ3VGTHRqa2xYQWJvazQxUXV1RWhxTF84bmRlZWZCNDdTZkRfQm4xSm1WdmE3R1d2dlVQTElfRERORkQzMjlVdjdiZWZibngyaVNZWmMxamVP?oc=5 | https://news.google.com/rss/articles/CBMirwFBVV95cUxPelJ1QmNUc3dkNlkwYUt0cU5mOURCcXdOSW9wMV9paHd3SUV3ZU5paU91TnZnTmkwSGV6elVFTk5RejF1cFBNTkd2UTYwajdjUThZQjNPV1U4b2hUbW9sd0U3NzRTRFdWbkpDcVl4d2dyU0MxMEZTRERxaW4tNy04SGl1MTFXOUhSTTBoMVJfOFo1eWJnUTRjZXRnVENxS0RvbGpGSzd2akI3WGFVWEhz?oc=5,c77da294ab277b84 | ef9f3890d905fb54 | db6c7579232e2901 | 8e7ff9dd59df989e | 041b927ea7c2b866 | f1b413473ffe935b | c70f330cd02d73a0 | 95804af497d4fbf3,9,emerging,monitor,2026-09-30T12:48:06.289638+00:00,2026-09-30T12:48:06.289638+00:00
76a4d5b9d964a646,Failed Process or Pilot: Data Governance,failure_signals,"4 eligible signals from 4 independent source(s) indicate a recurring process, spreadsheet, or pilot failure affecting business users, focused on data governance. This is an evidence candidate, not validated customer demand.",General business,data_governance,4,4,2026-09-25T14:38:14+00:00,93,2,0,0,8,7.5,https://news.google.com/rss/articles/CBMijwFBVV95cUxOUE1MUG5KcVJzQUU5QW1zSHNvcThfTmJic1lDZ280OUxBVE43UHRlQmVRRGY4QjRaWFJjWkxwT1J4dzd3bEdSUnZ5Yk4wVlZBQ3h5YjRhYnlhcFJza0h3R2ltWW1idzRJaEdWZGdteS1nNzFUYmpncjBuUWJqWDhJM2JuZUd5dEItcVRzS3NPOA?oc=5 | https://news.google.com/rss/articles/CBMi_gFBVV95cUxOSmY5TXhmY3EzejFTWWY0T1FXYkVMSFlUMEFSSWg5N0dNTkRvYnJLbFUxOVdmajBmWmpTM19rdFZMNUJYLV9qYXVSLTEteTQxdDgzTmhRWlNXazFtdFh3ekEwa2t4US14YzBPWlhVaTRxNl9xTFBFdjZnQnVxWjRrMnlGaDlBbzlLdU1BeF9xNURPS1QzQWhNZjFseUtpMURtTFlPZm9rM091Z1JiUFNYUFRSWUxMQzFvQVpRWjlya05jaG9neEhQc0Q0Q05jNjNLRnFBdGU3SGI4SjRKSGZ4bjM1bXFXQXRSal9Gc0h6VnJCWU9WTjg1bUNNbURnZ9IBhAJBVV95cUxQSTI2NmY5M2ZuanZnY1JHa1lsbVdIbnd0RmYyY0dSNURFMEV1MGx6Um9uM19ndHJOYnk2a2lPaEJ4TG9OOHZjU2k2cmYyNmVmREktVnJqTGp4WVNRVi1pMURybE5idzYwODRtVUxRZFhRNk91VFVocmF6RUNFM3oxV1BNVWtYMDJ4Qm5qbjZyOEJ1a09aUnF4d1l6TUlPaXo5bWthRVV4b2hTX3VQT0p1RnlTTHpvQlk5YzBpX3ZjQ1FzYi11RGJUTFc2blZmMXhUV1AxY1ZwYUVVRUtTS3hRMTJTWnY5dzhKM05ERlhvSTBXdVdSTFJSLWJ1WmRYcWNBWDh3Uw?oc=5,79e23075f1eb766d | 5eab30ee681c6731 | bfa532796e7382dd | 1f6a7c7d3a00db68,9,emerging,monitor,2026-09-30T12:48:06.289638+00:00,2026-09-30T12:48:06.289638+00:00
aa81605eef6f840d,Emerging Opportunity Signal: General Need,legacy_unclassified,"4 eligible signals from 4 independent source(s) indicate an emerging issue affecting business users, focused on general need. This is an evidence candidate, not validated customer demand.",General business,general,4,4,2026-09-30T08:40:15+00:00,62,4,0,0,11,8,https://news.ycombinator.com/item?id=49906083 | https://news.google.com/rss/articles/CBMic0FVX3lxTFBQcnFITjVENlJYcEVFSDF6UHNlLWJ4cUN4M0ZaZ0dmTDEzdlNLQ2RtMWFMVHpVWGpDc3hNaU5fLVR0emF2TWh5Y2dwSHV1SFc3bTVaWTM0d3BpaXFaNXFkVWpfNnhVbEpFN3EyMEhVLWNtVWs?oc=5 | https://news.google.com/rss/articles/CBMiaEFVX3lxTFB0aU5VY2kwR1M2LXlCdFlkN1ItcUNBamFVV2U3OE5LVWM1anpIT25WYUJaZlJwbXYzWWx3QThVNzF1WnB4Nlc0YjRwSVhsUnhlUDlBUi1iTjVKMW1uSk8yeG9lR3Vwam5F?oc=5 | https://news.google.com/rss/articles/CBMirAFBVV95cUxObHh4aHFqZXoxNTBrMEhVd3k5ejJzel9kNjZ6X3lUNDVib0JOY1lwcDZUdFI5M3Z3TW54STl6NTU0cEppaFE1dkQ0UVhXU0c2VmZyVGtYNGtZYTE3RVlLdmRyMGdnOXliZ2NfWC00NXdJV2FlZFNiN0diem9wbi1PLXZQNk11ZE5MYTRmVml6MmNUQXdXOVZHYWZ3MFNfOVRUeVpvUWgzOFgzTXZS?oc=5,efd68c02960504ec | 0160ef6d5c7e6ba6 | 95064740506a1e36 | fbf5d4738272e30e,9,emerging,monitor,2026-09-30T12:48:06.289638+00:00,2026-09-30T12:48:06.289638+00:00
969c3ab1b98291cc,Startup: General Need,unmet_needs,"3 eligible signals from 3 independent source(s) indicate a recurring unmet operational need affecting Startup, focused on general need. This is an evidence candidate, not validated customer demand.",Startup,general,3,3,2026-03-31T07:00:00+00:00,1093,1,0,3,10,8,https://news.google.com/rss/articles/CBMilwFBVV95cUxNV3oweHZlZVJtZG1aWGx4VzVCNnlvUXZPdm1iRGEtT1A2NURmbkQtMl9FemtaS2tFUEdQNUltVl9nUi1PNVlURUdRSVotSEh3cXRZYXotRVg5blk2OGFLWkpjbzB6NlUyQkRTZk5pVHNJaVdWTTJpOGdoSWdUZDR0VWFmam00elEtYnR0MFNpWDl4aS1wbHgw?oc=5 | https://news.google.com/rss/articles/CBMiYkFVX3lxTE1tLXhxaVFreUpLbEF2RG5jd0liazg3c25NMDJIbmRNdU9fdnBfVS1rbXE4VktXem1WMWVyUE1NbzM3cUNZZGVQX3BJSXlnS0lpOEhDUXI2RDNqeEdpbGw0NS1R?oc=5 | https://news.google.com/rss/articles/CBMilwFBVV95cUxOMXF6UUh5dGxxQ3lXU19ZNHNiM21NcW8ydldMMVk2Y2JKZlVpbFcwOW1SZ1hGUzNjWUxoMzdCUDFFSXBpVTV3VE9oWWhEN015NGNiQTF0UWV5eWc5UUwtM2N4aEU1Q0VjcjFiTmRuOTVoaG5FVTRLQVhCZnNUQnpqSVl6WEY2UlFXWUVOVEs2VE4wTm9TWnp3?oc=5,39af6415f4c0f4e1 | b68debea4650c016 | 75f1aac038e9fdb7,9,emerging,monitor,2026-09-30T12:48:06.289638+00:00,2026-09-30T12:48:06.289638+00:00
b93f502ab1dc6acc,Enterprise: Workflow Automation,legacy_unclassified,"3 eligible signals from 3 independent source(s) indicate an emerging issue affecting Enterprise, focused on workflow automation. This is an evidence candidate, not validated customer demand.",Enterprise,workflow_automation,3,3,2026-09-25T08:31:04+00:00,5,0,0,3,8,7.33,https://news.google.com/rss/articles/CBMivgFBVV95cUxPMlZzS2pwSTBleTJObnZFYVhnby1wSzhfaWdUS243aW5udEVFOEhIeVVxUlBoUlBLdW5BSFUzUURLWENVMWxidDNBZ1hPVXptM2VRRHdGU0p3NzZrNFBBbFlzVnE2UDM1MEZSRzd2bXdteHRaVkZqZW05WjdQemdkbHI3XzNUOEZ4WUIxcGlKSzZJYU5WdFowYmN0SjJDRGtzM3dZb01nVllmM3NSWEFvZ0VSVXlRN2hzcDNFdG1R?oc=5 | https://news.google.com/rss/articles/CBMivgFBVV95cUxNU3hYa2pIUDQ2Q1dNdm05NnFiZ1UwamsxZUg4TWdWeVpjQ3QyenMyWkNpSFBTM2p0cHRzZW9VZDRxZUxiaDk5RFY2RExXMzR5YzNjUkQxMk5RT1JtZkRPZEhrQWlLV0w5MzVaRzVsQnVTUGZpcXgzUEZoWmt1cWswV2w5TG5nenB5OGxIX0hYek1YTlNETlNMZjJqeEg4S3diLWREekt4OWJPX1R6R3NjWEVIaENIampKVG9xR3lB0gHGAUFVX3lxTFBqSWdCNEx6YXUyWUkyZy1FWDdzOXdGdWR2bFM4T1VBak5oakVFdnQ5TTRfMmpEWHNJQmJzRWw5TjAxNExYa1ZSSEFaTHlpLXBYZDhsNHYteGRrc09ydFIzNURDdnhzNXdVSEdid2pWSVhxQ0xoQWpWZ1o2Wms0bW1lUFc3UkpBOEtrUTQtUk1nRV9TWGdRWVAwRGthRVhyS0tkYkU1OHFNN1BrZ2tMekJJd2RINDVkM3Y1WE8yZ2REUUh2aEN5UQ?oc=5,bb3e077aed3acbbc | 1c0671f71d09bcdf | 8ae6957eac41b88c,9,emerging,monitor,2026-09-30T12:48:06.289638+00:00,2026-09-30T12:48:06.289638+00:00
b7f285847d4bc2f7,Unmet Operational Need: ROI and Cost Control,unmet_needs,"2 eligible signals from 1 independent source(s) indicate a recurring unmet operational need affecting business users, focused on roi and cost control. This is an evidence candidate, not validated customer demand.",General business,roi_cost,2,1,2026-01-21T08:00:00+00:00,252,0,2,0,9,9,https://news.google.com/rss/articles/CBMiqgFBVV95cUxNMms3TE1xM19vcS1oeWFDNGQtUFJRb3RKc09oMG1BZ2w5aUR0WF94LTYxdGx5a1BTWVRFZTl1aUw1ejd4N3BlNFc1Qk5xcV9XaFBORHhlZ3RaOTVXaDFneW1BMEhlQ2NzU1RZVVhUbEJONzh0aHNfSjVwZnd4MGxRSkRNbDd4UjAySWhFZmpRUXlWMy1tSlRoSTJHVy1vQ002bzM3VTI4eDd6UQ?oc=5,649168eba99eb933 | e7623cd9e79a0c39,9,low,monitor,2026-09-30T12:48:06.289638+00:00,2026-09-30T12:48:06.289638+00:00
8a352b5a13b692af,AI Workflow Improvement: General Need,ai_workflow,"2 eligible signals from 2 independent source(s) indicate an AI-workflow implementation or governance need affecting business users, focused on general need. This is an evidence candidate, not validated customer demand.",General business,general,2,2,2026-09-29T22:44:14+00:00,36,1,0,0,6,6,https://news.google.com/rss/articles/CBMiywFBVV95cUxQV0wxMVVOSE5EV3NsQnpCYkZUbUtCTng5eWdRQ3VYWU9haFl0UG9ZSUtBcFI0dDZRUlB3TGVhWEdMODI5RmJJT2RxQkgzSngxUURVb3Y5TlpEM1VIRzhia0czb183R2R3WGItMjBHR1kxVjVjOG9EeVNhVS03ZXd1VzFnZllTMXFJbndsVUNpVnpxMkZhRDNUYjl4c0llZGd0YmkxZE1ZaWhFdTdxeEZFNVdkTW04NmZKTFdrS1pmWkZET0FNNGswOHlNUQ?oc=5 | https://news.google.com/rss/articles/CBMiaEFVX3lxTFB0aU5VY2kwR1M2LXlCdFlkN1ItcUNBamFVV2U3OE5LVWM1anpIT25WYUJaZlJwbXYzWWx3QThVNzF1WnB4Nlc0YjRwSVhsUnhlUDlBUi1iTjVKMW1uSk8yeG9lR3Vwam5F?oc=5,96137866dd8c6dd8 | b2301501158f8779,9,low,monitor,2026-09-30T12:48:06.289638+00:00,2026-09-30T12:48:06.289638+00:00
a2e7236538f6ac43,Underserved Customer Need: AI Adoption,underserved_users,"3 eligible signals from 3 independent source(s) indicate an underserved need affecting business users, focused on ai adoption. This is an evidence candidate, not validated customer demand.",General business,ai_adoption,3,3,2026-07-22T07:00:00+00:00,117,1,0,0,9,7,https://news.google.com/rss/articles/CBMi3gFBVV95cUxQZDJhZ2plTnotV0pFWGR6M0ZQYzR4WlVXVXdCb0gwbEFHLXBkT2dneVY0eFZHY0Z3emdrclFyOE1NM0xNb25tZ1JQYWUyaHJnbVMweVdhQ19FbW5PVnNYSThWRDFfOGRSblpBazJVeEJmdUUxS0ZEaV9BRE52ZnpLb2hOMmZ3WUJzY05DRHl2ZVJlbUktcWJPYmFvbUdOUHF1MHJoNTYxYktUN282WWdQUVZZQ3dvVjZhclZWVlUzS2dBa2F3NF92b1ZOVEgtc1ZhbTFtRlpfWXpwZC1zR0E?oc=5 | https://news.google.com/rss/articles/CBMihgFBVV95cUxQLTczMjlUMzE0bXZJdVhTQTVkT093d3Eya1ZSQXR1bjRMTk9WdHRuXzJDbUl0MzNDSXBDeVNsTll3N1BtVC1uNVpSU0RlUjdSbGxnUXg1ZTRzMVlqR3M3RUplcDd3S05LWlZIR2VDbTBVZG1oZWpERHNEdEVEc3ZveGctRE51QQ?oc=5 | https://news.google.com/rss/articles/CBMic0FVX3lxTE5VNG1NRDgxaXVLSjZyZlowN210di03LXN6NnUwYWd2RDJmWFdIOHk1WlJiRjVIdUo1NllIMFo3OXJnTGZ2aTMzbUJCOG5lR2stZ2JlZ0xGZlpWWXlRRE5Ndy1Eb2JERFhFbTJWX2lObGxna2s?oc=5,e9cf2202f6c8ae7d | 981dac59c0bed7f3 | 7dcb967db8718952,8,emerging,monitor,2026-09-30T12:48:06.289638+00:00,2026-09-30T12:48:06.289638+00:00
cbde42c9d34149d8,Underserved Customer Need: Education and Skills,underserved_users,"2 eligible signals from 2 independent source(s) indicate an underserved need affecting business users, focused on education and skills. This is an evidence candidate, not validated customer demand.",General business,education_skills,2,2,2023-09-29T07:00:00+00:00,1097,2,0,0,9,9,https://news.google.com/rss/articles/CBMiekFVX3lxTE8xd0tPMzlfZ3hFZURieXJoc1ZtSmRJbjhNMnplUFhpNlZ6WWRBWUdGWEFORVlkZnlid1ppN3Q2ZEs0eEV2Q0E4ck5uV1JjRXFkTHZyUjE2VTQ2MHRaVXZwUzlLZ3BvUHBrS09Oa3ZYME1NcjhNMlZBdld3?oc=5,a748b249362615fc | f698750292fd2cc3,8,low,monitor,2026-09-30T12:48:06.289638+00:00,2026-09-30T12:48:06.289638+00:00
f2f1faf1fc07ef8d,Underserved Customer Need: Data Governance,underserved_users,"2 eligible signals from 2 independent source(s) indicate an underserved need affecting business users, focused on data governance. This is an evidence candidate, not validated customer demand.",General business,data_governance,2,2,2026-04-17T07:00:00+00:00,356,1,0,0,9,7.5,https://news.google.com/rss/articles/CBMi2AFBVV95cUxQSTFXMkNtX0s3TVNXaExHamQ1Y1NVdjVfX3NxdndZLTdmQ0dhWXBOUG9YcEpHUldQZEt5VXlRdkZkU2VWNXdpNEd1Qy1rTGFlWTJOdGZ6MXFKVGdIZHVNdFlLQUQtT2tEUk44QXBuaGREM0NjNG1qSm9XLVR6OGlsNzdrS2pRNkg5c2FwZElpYXllT2taU1BEc3NMM2QxNGRMcm1zVVVNMG5xZDY0eTJRSVlRM1B0VUhRQzQ5WENsUzFGUS1vWEZXdU9FOGxCTkxaQ0dkUmR5Vnc?oc=5 | https://news.google.com/rss/articles/CBMiigFBVV95cUxNWTA1eS15UW1xMGFaTVMyS19fc0xwV3FtUFptZXp4RGxnTmFNTVNxTW5hRjByQ1I2dHozVG1WU2ZjeXlnMlJaNVpvenFMRE5nY1Y1aGxMNGpFMUU1TTdCZ1laTDlmTG9oU1l3Z21qdTZxWGJpcUV2QlZYN1p0UDFnOG9jdXF1OGNKbFE?oc=5,e8dc156e9ee3e57a | 8124bbf2311a866e,8,low,monitor,2026-09-30T12:48:06.289638+00:00,2026-09-30T12:48:06.289638+00:00
a116fed65698f712,Startup: General Need,underserved_users,"2 eligible signals from 2 independent source(s) indicate an underserved need affecting Startup, focused on general need. This is an evidence candidate, not validated customer demand.",Startup,general,2,2,2026-06-16T07:00:00+00:00,119,0,0,2,8,8,https://news.google.com/rss/articles/CBMiXkFVX3lxTE43LWFrNGhuVDRxU3ZmWjBYVTIwLUpmZmk5Mm1wN2s4LThtTmxCbEU2Vjk3cDRCVjgzbVF1eDZZWEEwVGlKLUZVdEZfN0k5bWtTTWg2SVZEWTBCTEl2emc?oc=5 | https://news.google.com/rss/articles/CBMikgFBVV95cUxNZll4Nnp3UzBHMEZKR1B2Z2c1Q3ZEclZhZ3pUWDhPd2xjQVRZMWttaXVyVHVpTmhZelRBYUJWZTh1OEoyMzVMQzVic1JvcVZsRGpLY1VhbWd2bUlVSTZJazNaZ2EzQ1Q2Znlud0Q1WW1Jcm9yR3ZsVWxrZDk0R3N5MUQxWlNlWl93MXBycFU3a3FhQQ?oc=5,81e9ea19d92b9c73 | f4b949236d8d7ab2,8,low,monitor,2026-09-30T12:48:06.289638+00:00,2026-09-30T12:48:06.289638+00:00
2a5bb7028941a660,SME: AI Adoption,underserved_users,"2 eligible signals from 2 independent source(s) indicate an underserved need affecting SME, focused on ai adoption. This is an evidence candidate, not validated customer demand.",SME,ai_adoption,2,2,2025-12-25T08:00:00+00:00,279,0,0,2,8,8,https://news.google.com/rss/articles/CBMisAFBVV95cUxQWEI1cl9STUFPMXhUeHZWcGhEbmI1YnA3N29RS1VhQWFxZjg0ZFY3OXJoT1VGSXQ4d0ZybmRPN2dHNmY5WUkyeC1XNnMtQ3daQkp2aVkyaDgxamhMaEQyWmV0Q05yUjcxcVIxUVByNmNjRlpsS3BkMW5ObGE3dE1PdENyYlB2Q1pydkJlb1dEa1kwSGo2dFB2QVlaRlVCQmxmUUNJVHliUEhyUWV6OXZpdQ?oc=5,7292c39bfe5eea63 | fc7ad7f3a75606a2,8,low,monitor,2026-09-30T12:48:06.289638+00:00,2026-09-30T12:48:06.289638+00:00
e0a3ebab9f4d0206,AI Workflow Improvement: Workflow Automation,ai_workflow,"2 eligible signals from 2 independent source(s) indicate an AI-workflow implementation or governance need affecting business users, focused on workflow automation. This is an evidence candidate, not validated customer demand.",General business,workflow_automation,2,2,2026-09-30T06:44:29+00:00,0,0,0,0,6,6,https://news.google.com/rss/articles/CBMi1AFBVV95cUxPdHpqeXg1TFpPSWdVbTcwN0p4ZktadzBETEhQTGxLLTZDT0VPbml1QS1oUHZXM2lwMHl2UlRIZUhONXgyM19BMUFiRDNVeEphRGpIUGk5Y0ZoUmZKSzhTZlM0cFFsNy1ZTm9GM2NvamIwYUVrVzhMbTlOT0RJNWFhYVREU0NxampQQTFBMjgtWElTamZJd2NlSGpEc3oxQU9uX2RDcDhRd3U1NlU5UlBFTE5YOUwzcHZuOW1WWjJ0WU1tYmVMcmpfWGU2R0hLekZhbXBqVg?oc=5 | https://news.google.com/rss/articles/CBMikwFBVV95cUxOWldSZEpfaWVKLUlUWGV0c0Q2QWY4V0hnQ2V4dG8zaElMM2F3UFQ5bndPNVQya2hhSUU3YTAtOEx4UjYyNWdGdnN4Qk5KaW15dTRxWW9fTFp5aTNfWDEwQ3FwcFVxZFlCcC1SdFBoQVFhaEo1OENySU1mV1JvRjk5QzJyak16WHJCaHppQ24xdTMwWTA?oc=5,6cd3782ab8fc488e | 3e1963874d172f20,8,low,monitor,2026-09-30T12:48:06.289638+00:00,2026-09-30T12:48:06.289638+00:00
ffcfcec7a0ca4de4,Purchase and Tool Demand: Workflow Automation,purchase_signals,"3 eligible signals from 3 independent source(s) indicate purchase or tool-selection demand among business users, focused on workflow automation. This is an evidence candidate, not validated customer demand.",General business,workflow_automation,3,3,2026-05-19T07:00:00+00:00,134,0,0,0,6,6,https://news.google.com/rss/articles/CBMiXEFVX3lxTFB6RUxJeXoxTmpZY014QUFNVDUzVDVSSi1JQ2Nkckg2Z2R5RzVsNU1SMl9YNEFUcFV5VU1ONl9hMkw5aGlCQ1hKbktORlhacFV2WG8xd2s0d3FWUkxN?oc=5 | https://news.google.com/rss/articles/CBMia0FVX3lxTE9fWkdjQmxuYk9BRlQxNEpXdmFSZTdlMWV1NW1sWEVsOUJvV2tKQk5CaUVkeG5rSXYxc1BYMWFOX29ncVFFX18zWVFybUI4Z2NFSXhPdUNEaXhaTlhndC1TeVROcnlfYnRiZEI00gF7QVVfeXFMTi1tcjB2MVllX0s4ZEV3YlFQZ29RSjAxSkJhR1pjRmwwVDg1bXowS1pGZlAwM080UEJna0ZkLVNmNk1FRXp2N1JGZ2VvZC1OQVNqRlpqbU1Fa0NYT21aWnFUcl9Rd1JQVHNzRTJnQlBjTENMRm53cmdnR0Nz?oc=5,c85cd4c49f5a0ead | 4d5b671b08ebd77b | 31a9b3f2704273d4,7,emerging,discovered,2026-09-30T12:48:06.289638+00:00,2026-09-30T12:48:06.289638+00:00
e7ccf3b65309219a,Purchase and Tool Demand: Education and Skills,purchase_signals,"3 eligible signals from 2 independent source(s) indicate purchase or tool-selection demand among business users, focused on education and skills. This is an evidence candidate, not validated customer demand.",General business,education_skills,3,2,2026-06-09T07:00:00+00:00,166,0,0,0,6,6,https://news.google.com/rss/articles/CBMiT0FVX3lxTFBWZU9pNWRrb3FjWjZBZWpnQ1lZQVd4VUxjM0lGemkwdXBmQVpxamR6Zl9jUHo5bXJQTktMMkJiVHZRa2czbWtRVks1YzVtMlHSAV9BVV95cUxObVV0WFVCWWdfWURDQWVLdmk0dC1kTW5CbTJJTndrR19KeWxtRzlLb2YxTW92ZXRabTJGWTdrZ1RUR1ByUlRFRXFEZUN3M0JwMUlxYmxJMzVwRGowa0I2RQ?oc=5 | https://news.google.com/rss/articles/CBMiygFBVV95cUxOVk9BTjltSDZ5MExOZXlWU2tzaUkwbnBHM0FxVS1iZzVUVk1iSk5BTjdCUEhEdC1MT09EWm9EYm1UR21pdFZjbVpRU3E2dnM5Nkd1Qk5vUFllWXhmd3g5NzdTem5ZZXgtUnE3MG9BZndlaVN2dzFYeXl6MzV5aVRDbENqSnF4cU1oaVJ6Q2lRUFlITDNwdjJkbFY1QS1DanJneUxCZmIwckt5Z1BrZi16VHVtblgwb3hqY3UzbjdzSk9Wc2FTeDd4cUhR?oc=5 | https://news.google.com/rss/articles/CBMiWEFVX3lxTFBVNnV6S1FVd2tnZlNsLXNxOWxWcE1CWU1PbVdPeEk0ZjNLWEJ5bnNOdjFuNm1wWXB1YXdYXzVoaFpZX3NyWlVaVFhaUUhOVnZkb1pnWVk2TWHSAWhBVV95cUxOcEFnZ3BGUG1CS0FHLUduazNsRGN5VUpFME5FQXI4eGZLM2NuWGtrTjM5YTRZdGllWG5TRHhFT1FwS1QxQ0tvc0g2WEQzMUVlUGF0c3pjcjhrU05CME5JelliZE9ndXRzbQ?oc=5,7cc8eb7f9f52803e | 79724e53895a764e | f506e310d732fd33,7,emerging,discovered,2026-09-30T12:48:06.289638+00:00,2026-09-30T12:48:06.289638+00:00
8744c10a28c21ca5,Open Technology Opportunity: Affordable Alternatives,open_technology_signals,"3 eligible signals from 1 independent source(s) indicate an emerging open-technology need affecting business users, focused on affordable alternatives. This is an evidence candidate, not validated customer demand.",General business,alternatives,3,1,2026-09-30T12:36:03+00:00,0,0,0,0,6,6,https://radianui.com/resources/flags | https://lemire.me/blog/2026/09/30/transcoding-utf-8-to-utf-16-with-replacement-at-gigabytes-per-second/ | https://github.com/thepowersgang/mrustc,1df399c6b021fce8 | 1a932336a33dd1a4 | 8653175f43d84be1,7,low,discovered,2026-09-30T12:48:06.289638+00:00,2026-09-30T12:48:06.289638+00:00
f779dafe9357bf3a,Open Technology Opportunity: AI Adoption,open_technology_signals,"3 eligible signals from 1 independent source(s) indicate an emerging open-technology need affecting business users, focused on ai adoption. This is an evidence candidate, not validated customer demand.",General business,ai_adoption,3,1,2026-09-30T12:40:37+00:00,0,0,0,0,6,6,https://www.whitehouse.gov/fact-sheets/2026/09/fact-sheet-president-donald-j-trump-inaugurates-the-era-of-super-intelligence/ | https://github.com/ZsoltTanko/squint | https://www.bbc.com/news/articles/cme30dz5vkzko,e24fe7406a42966b | a7b8b6d2ae0f66b3 | 680215dfe9281be9,7,low,discovered,2026-09-30T12:48:06.289638+00:00,2026-09-30T12:48:06.289638+00:00
2d5c006695c09da5,Startup: Data Governance,unmet_needs,"2 eligible signals from 2 independent source(s) indicate a recurring unmet operational need affecting Startup, focused on data governance. This is an evidence candidate, not validated customer demand.",Startup,data_governance,2,2,2024-07-08T07:00:00+00:00,814,0,0,2,7,7,https://news.google.com/rss/articles/CBMijwFBVV95cUxOMk5FN24zRXNHa2ZJVnNYUmNXdl90eExoQmlscmFuM3o4b001cGcxTGpILUZCQXdLREJEYkdsM1hFUVk2NGtNR1pfTTkyNldDWDVKYWdUa2piS1E4YzJuUzdTczhEMHdwcGlGOVpoSG9xMEhISHhNbUJmLVUxbDdpODF0dkhlRVB0Wndqdng1dw?oc=5,58442679c5216b5d | 736f1d1dca264055,7,low,discovered,2026-09-30T12:48:06.289638+00:00,2026-09-30T12:48:06.289638+00:00
c6e3c0de089baff2,SME: Sales and Growth,unmet_needs,"2 eligible signals from 2 independent source(s) indicate a recurring unmet operational need affecting SME, focused on sales and growth. This is an evidence candidate, not validated customer demand.",SME,sales_growth,2,2,2024-04-30T07:00:00+00:00,883,0,0,2,7,7,https://news.google.com/rss/articles/CBMirwFBVV95cUxOSW1RYTR1SGJ4SE1xUGxLQi1Da2NTcGRqWFB2Q3VrSWtJTzRQV3BrS1lXOWM1d2c4NnNsUDVkZ1RxNncyUUJqYnYxZ2E2NjNEWlFuaGtyLVdaZkIxTGNGd2V0bVMyTUNVMUJXSGRiNWFiSkNUTHJYUklwLXpkbDJoV053V2prejlFWXR3QVJMdGJYa3F3TG45aFFGWDZpWmJuZXRFbFpDNDBIckIwZjlN?oc=5,0eac37e31215a21a | 34f0b6b769d32d92,7,low,discovered,2026-09-30T12:48:06.289638+00:00,2026-09-30T12:48:06.289638+00:00
5438d6454ddf3e41,Finance leadership: Finance Operations,unmet_needs,"2 eligible signals from 2 independent source(s) indicate a recurring unmet operational need affecting Finance leadership, focused on finance operations. This is an evidence candidate, not validated customer demand.",Finance leadership,finance_operations,2,2,2023-02-03T08:00:00+00:00,1335,0,0,2,7,7,https://news.google.com/rss/articles/CBMihgFBVV95cUxOcEY3cUNZVldZNzhFSV8tUE5DU29TU2lLNGtxZXBNN2ZucjA0eDkzeUg4WnM5OXVSYjd1RzdpTGNyV2d3d3JGXzdDNEQ3d251cGgwS2xVQ2dkTnVYZm5IWEYtNmRDX25BYi1pand1OWlXa205NGI1RTBYYV9TTXNkV25Rd3JNZw?oc=5,6ae1d6ad7653b242 | e302015b6c46413d,7,low,discovered,2026-09-30T12:48:06.289638+00:00,2026-09-30T12:48:06.289638+00:00
797d28ee9e338334,Developer: General Need,legacy_unclassified,"2 eligible signals from 1 independent source(s) indicate an emerging issue affecting Developer, focused on general need. This is an evidence candidate, not validated customer demand.",Developer,general,2,1,2026-09-30T08:55:38+00:00,0,0,0,2,10,9.5,https://layout.link/ | https://caio.ca/blog/pencils-down-eyes-open-rails-world,46dcd90a36968de6 | cfd21b17bee42bc2,7,low,discovered,2026-09-30T12:48:06.289638+00:00,2026-09-30T12:48:06.289638+00:00
0ff52f1781e765b3,Underserved Customer Need: Workflow Automation,underserved_users,"2 eligible signals from 2 independent source(s) indicate an underserved need affecting business users, focused on workflow automation. This is an evidence candidate, not validated customer demand.",General business,workflow_automation,2,2,2026-06-26T07:00:00+00:00,152,0,0,0,6,6,https://news.google.com/rss/articles/CBMimwFBVV95cUxORTVBVXhHTVdKbEVLNGRIaWN6M1c3Ulc3cktnY3NiQk1NdmI3cGJmQUNjZEZ5YjQ3SUNCaGU3TFVOSTY3S0tXSHpGcnFtbXJnS0xNVE9lWWhVTDNQaXBCRU9YWk5HT0J1VG1iQmEzdndLMGc4STJDa0ZFaHlxTkJ5SXd3VU53R0JfUWZ5WmdGcThVMkJrUDBHbDVIUQ?oc=5 | https://news.google.com/rss/articles/CBMilwFBVV95cUxPN2ljbHVjdHhTQzFLWTRpdHRYdDZCT0Vjdmlfb0pzWkJKN28xczVnTDhjbERCRGhmU1MtMU1nSHVUNnNYOXFXaWhGMWJWZm5va1N4a3JSTlhjcFk5ZG44ajF5c2pGd3VLUEhDRzNLZ0lWMXQ0XzJzRDRSWFhrN08yWDNuSEJaSTNIMHhTSzRidnBDNEN6Z0JF?oc=5,4d13a9ecf5106a89 | 116e9e8e0087a63d,6,low,discovered,2026-09-30T12:48:06.289638+00:00,2026-09-30T12:48:06.289638+00:00
1065bfaac143faa6,Purchase and Tool Demand: Sales and Growth,purchase_signals,"2 eligible signals from 2 independent source(s) indicate purchase or tool-selection demand among business users, focused on sales and growth. This is an evidence candidate, not validated customer demand.",General business,sales_growth,2,2,2022-09-21T07:00:00+00:00,1470,0,0,0,6,6,https://news.google.com/rss/articles/CBMia0FVX3lxTE9yM0tJc2FIVmZjMnBJd0pkaWgzU0NjOXRZbjM5M0FhVDJsM1M0MWNVV1FwU3BYWEpZbERyUjFLbGt4M21PQTA0V1M0ZXV4eUViYkx4TF9uVHZUY2Z4bFBCYXBtTU4wUFZ5dmk0?oc=5,6666091bc4617791 | 6521c7b9d54d4960,5,low,discovered,2026-09-30T12:48:06.289638+00:00,2026-09-30T12:48:06.289638+00:00
