opportunity_id,signal_id,match_method,match_score,added_at
006dbd59e83a63b4,be712d6c12fd245e,theme+customer+keyword_v2,75,2026-10-01T07:23:39.979875+00:00
006dbd59e83a63b4,e80a927374bf720b,theme+customer+keyword_v2,75,2026-10-01T07:23:39.979875+00:00
013b8e6b1288733f,10033fd59a660527,theme+customer+keyword_v2,75,2026-10-01T07:23:39.979875+00:00
013b8e6b1288733f,2c0c6e7707b48988,theme+customer+keyword_v2,75,2026-10-01T07:23:39.979875+00:00
013b8e6b1288733f,3af4e6c0c8e9a8b0,theme+customer+keyword_v2,75,2026-10-01T07:23:39.979875+00:00
013b8e6b1288733f,46d8b3d650c596ec,theme+customer+keyword_v2,75,2026-10-01T07:23:39.979875+00:00
013b8e6b1288733f,6a9279bde1fa842d,theme+customer+keyword_v2,75,2026-10-01T07:23:39.979875+00:00
013b8e6b1288733f,975973c45b421d7f,theme+customer+keyword_v2,75,2026-10-01T07:23:39.979875+00:00
013b8e6b1288733f,97be9d552fd88990,theme+customer+keyword_v2,75,2026-10-01T07:23:39.979875+00:00
013b8e6b1288733f,a10b1eba036a3e1a,theme+customer+keyword_v2,75,2026-10-01T07:23:39.979875+00:00
013b8e6b1288733f,b1a26ec30a929d48,theme+customer+keyword_v2,75,2026-10-01T07:23:39.979875+00:00
013b8e6b1288733f,c0e77d0e4f2d5699,theme+customer+keyword_v2,75,2026-10-01T07:23:39.979875+00:00
013b8e6b1288733f,dd30f4b7447a3405,theme+customer+keyword_v2,75,2026-10-01T07:23:39.979875+00:00
013b8e6b1288733f,e16f65c6d11a67a4,theme+customer+keyword_v2,75,2026-10-01T07:23:39.979875+00:00
013b8e6b1288733f,e2064fca99738070,theme+customer+keyword_v2,75,2026-10-01T07:23:39.979875+00:00
013b8e6b1288733f,f6f0d1ebcc2bb8c8,theme+customer+keyword_v2,75,2026-10-01T07:23:39.979875+00:00
0479f6a9d8875f5f,701453dc87bae12f,theme+customer+keyword_v2,75,2026-10-01T07:23:39.979875+00:00
0479f6a9d8875f5f,99632fa703cfda93,theme+customer+keyword_v2,75,2026-10-01T07:23:39.979875+00:00
071416c68b4713c3,10b138353dc81597,theme+customer+keyword_v2,75,2026-10-01T07:23:39.979875+00:00
071416c68b4713c3,15af7b63f9feff1b,theme+customer+keyword_v2,75,2026-10-01T07:23:39.979875+00:00
071416c68b4713c3,29a2310b65c1a0ba,theme+customer+keyword_v2,75,2026-10-01T07:23:39.979875+00:00
071416c68b4713c3,b2d2dfa7521b1082,theme+customer+keyword_v2,75,2026-10-01T07:23:39.979875+00:00
0d1a8701c3f87fe3,1bb7aa194fa42ee2,theme+customer+keyword_v2,75,2026-10-01T07:23:39.979875+00:00
0d1a8701c3f87fe3,a0d09d7de962dfe2,theme+customer+keyword_v2,75,2026-10-01T07:23:39.979875+00:00
0ff52f1781e765b3,116e9e8e0087a63d,theme+customer+keyword_v2,75,2026-10-01T07:23:39.979875+00:00
0ff52f1781e765b3,4d13a9ecf5106a89,theme+customer+keyword_v2,75,2026-10-01T07:23:39.979875+00:00
1065bfaac143faa6,6521c7b9d54d4960,theme+customer+keyword_v2,75,2026-10-01T07:23:39.979875+00:00
1065bfaac143faa6,6666091bc4617791,theme+customer+keyword_v2,75,2026-10-01T07:23:39.979875+00:00
14c733229ad70aa6,1e9013595078f0e6,theme+customer+keyword_v2,75,2026-10-01T07:23:39.979875+00:00
14c733229ad70aa6,32d5f1086662cf4d,theme+customer+keyword_v2,75,2026-10-01T07:23:39.979875+00:00
14c733229ad70aa6,443178ac7d88e904,theme+customer+keyword_v2,75,2026-10-01T07:23:39.979875+00:00
14c733229ad70aa6,7edc0d7e9f8e5248,theme+customer+keyword_v2,75,2026-10-01T07:23:39.979875+00:00
1ad0235f7dc0d591,0cee6ca4bd558882,theme+customer+keyword_v2,75,2026-10-01T07:23:39.979875+00:00
1ad0235f7dc0d591,1faaa3bb1148107f,theme+customer+keyword_v2,75,2026-10-01T07:23:39.979875+00:00
1ad0235f7dc0d591,40749402c4334b74,theme+customer+keyword_v2,75,2026-10-01T07:23:39.979875+00:00
1ad0235f7dc0d591,61346fbe53146e6d,theme+customer+keyword_v2,75,2026-10-01T07:23:39.979875+00:00
1ad0235f7dc0d591,6e14dc88375d4406,theme+customer+keyword_v2,75,2026-10-01T07:23:39.979875+00:00
1ad0235f7dc0d591,87bca2ec08d72ecf,theme+customer+keyword_v2,85,2026-10-01T07:23:39.979875+00:00
1ad0235f7dc0d591,8c70818977713157,theme+customer+keyword_v2,85,2026-10-01T07:23:39.979875+00:00
1ad0235f7dc0d591,a53cd99592749741,theme+customer+keyword_v2,75,2026-10-01T07:23:39.979875+00:00
1ad0235f7dc0d591,af8871d793045660,theme+customer+keyword_v2,75,2026-10-01T07:23:39.979875+00:00
1ad0235f7dc0d591,b5246aaa481d8c5d,theme+customer+keyword_v2,75,2026-10-01T07:23:39.979875+00:00
1ad0235f7dc0d591,b860118d24e1d18f,theme+customer+keyword_v2,75,2026-10-01T07:23:39.979875+00:00
1ad0235f7dc0d591,d7e6da625f48880b,theme+customer+keyword_v2,75,2026-10-01T07:23:39.979875+00:00
1e3b163d6376bf35,eb2d8cb74e518b62,theme+customer+keyword_v2,85,2026-10-01T07:23:39.979875+00:00
1e3b163d6376bf35,ff3d573180f637f6,theme+customer+keyword_v2,85,2026-10-01T07:23:39.979875+00:00
25ac27715a2827f3,3265feba4eea225a,theme+customer+keyword_v2,75,2026-10-01T07:23:39.979875+00:00
25ac27715a2827f3,32f1af888093226b,theme+customer+keyword_v2,75,2026-10-01T07:23:39.979875+00:00
25ac27715a2827f3,4b626ac8e28bce33,theme+customer+keyword_v2,75,2026-10-01T07:23:39.979875+00:00
25ac27715a2827f3,597efa5447becf53,theme+customer+keyword_v2,75,2026-10-01T07:23:39.979875+00:00
25ac27715a2827f3,8212eb114dd29202,theme+customer+keyword_v2,75,2026-10-01T07:23:39.979875+00:00
25ac27715a2827f3,9904c00514bbceb9,theme+customer+keyword_v2,75,2026-10-01T07:23:39.979875+00:00
25ac27715a2827f3,ab00f6e74ab6cf82,theme+customer+keyword_v2,75,2026-10-01T07:23:39.979875+00:00
25ac27715a2827f3,bfa3471cdd172925,theme+customer+keyword_v2,75,2026-10-01T07:23:39.979875+00:00
27f10f61079e76eb,4d8babd54b60994a,theme+customer+keyword_v2,75,2026-10-01T07:23:39.979875+00:00
27f10f61079e76eb,e5c7bfe1b55e3626,theme+customer+keyword_v2,75,2026-10-01T07:23:39.979875+00:00
29467a52cd8e9d14,0691e514d5b3dd38,theme+customer+keyword_v2,65,2026-10-01T07:23:39.979875+00:00
29467a52cd8e9d14,4108e93239ee0dee,theme+customer+keyword_v2,65,2026-10-01T07:23:39.979875+00:00
2a5bb7028941a660,7292c39bfe5eea63,theme+customer+keyword_v2,75,2026-10-01T07:23:39.979875+00:00
2a5bb7028941a660,fc7ad7f3a75606a2,theme+customer+keyword_v2,75,2026-10-01T07:23:39.979875+00:00
2d5c006695c09da5,58442679c5216b5d,theme+customer+keyword_v2,75,2026-10-01T07:23:39.979875+00:00
2d5c006695c09da5,736f1d1dca264055,theme+customer+keyword_v2,75,2026-10-01T07:23:39.979875+00:00
2efdec77d6cfff66,493215dc2df5643b,theme+customer+keyword_v2,75,2026-10-01T07:23:39.979875+00:00
2efdec77d6cfff66,730a1fd5dc8c4f39,theme+customer+keyword_v2,75,2026-10-01T07:23:39.979875+00:00
2efdec77d6cfff66,cca18d83adaf7392,theme+customer+keyword_v2,75,2026-10-01T07:23:39.979875+00:00
2efdec77d6cfff66,e07c42ffa115df01,theme+customer+keyword_v2,75,2026-10-01T07:23:39.979875+00:00
2efdec77d6cfff66,f00c2cfef8bb067a,theme+customer+keyword_v2,75,2026-10-01T07:23:39.979875+00:00
33a9b25f5fa46463,4c4c0c33ac146f1f,theme+customer+keyword_v2,75,2026-10-01T07:23:39.979875+00:00
33a9b25f5fa46463,def32fdc853558a3,theme+customer+keyword_v2,75,2026-10-01T07:23:39.979875+00:00
3c2f298b3f7935e5,28c92b3e1da550a1,theme+customer+keyword_v2,75,2026-10-01T07:23:39.979875+00:00
3c2f298b3f7935e5,418e3dfe01a4a8f9,theme+customer+keyword_v2,75,2026-10-01T07:23:39.979875+00:00
3c2f298b3f7935e5,978b21d138a54076,theme+customer+keyword_v2,75,2026-10-01T07:23:39.979875+00:00
3c2f298b3f7935e5,ab8127a5b95bd724,theme+customer+keyword_v2,85,2026-10-01T07:23:39.979875+00:00
3c2f298b3f7935e5,d568d3accffa5456,theme+customer+keyword_v2,75,2026-10-01T07:23:39.979875+00:00
4b0ba5fb2dc88eb4,06f171b6d40079f8,theme+customer+keyword_v2,75,2026-10-01T07:23:39.979875+00:00
4b0ba5fb2dc88eb4,12d9f21807a97207,theme+customer+keyword_v2,75,2026-10-01T07:23:39.979875+00:00
5438d6454ddf3e41,6ae1d6ad7653b242,theme+customer+keyword_v2,65,2026-10-01T07:23:39.979875+00:00
5438d6454ddf3e41,e302015b6c46413d,theme+customer+keyword_v2,65,2026-10-01T07:23:39.979875+00:00
5d08d695f6ac7dc9,94929694658d7655,theme+customer+keyword_v2,75,2026-10-01T07:23:39.979875+00:00
5d08d695f6ac7dc9,c4e2616a1d5e0fbf,theme+customer+keyword_v2,75,2026-10-01T07:23:39.979875+00:00
64954456d722cad8,3cf089787601eb16,theme+customer+keyword_v2,75,2026-10-01T07:23:39.979875+00:00
64954456d722cad8,f9df1fdc85f15332,theme+customer+keyword_v2,75,2026-10-01T07:23:39.979875+00:00
64d18ec6c1b8efe8,6d33af3e8c345d0b,theme+customer+keyword_v2,75,2026-10-01T07:23:39.979875+00:00
64d18ec6c1b8efe8,b5d5da5b0761d433,theme+customer+keyword_v2,75,2026-10-01T07:23:39.979875+00:00
689e2458855a67c2,07a4340bc99ab0b7,theme+customer+keyword_v2,75,2026-10-01T07:23:39.979875+00:00
689e2458855a67c2,59df507a50ef5e2f,theme+customer+keyword_v2,75,2026-10-01T07:23:39.979875+00:00
723fb5c8c0ef2ab4,1fb4ce3b1820addb,theme+customer+keyword_v2,75,2026-10-01T07:23:39.979875+00:00
723fb5c8c0ef2ab4,b9e2d5731d88ce7f,theme+customer+keyword_v2,75,2026-10-01T07:23:39.979875+00:00
723fb5c8c0ef2ab4,bb1ac141a0383c9e,theme+customer+keyword_v2,75,2026-10-01T07:23:39.979875+00:00
723fb5c8c0ef2ab4,cec119f27b5bc089,theme+customer+keyword_v2,75,2026-10-01T07:23:39.979875+00:00
76a4d5b9d964a646,5eab30ee681c6731,theme+customer+keyword_v2,75,2026-10-01T07:23:39.979875+00:00
76a4d5b9d964a646,79e23075f1eb766d,theme+customer+keyword_v2,75,2026-10-01T07:23:39.979875+00:00
7812309c9dae0d51,183f1f536bfc1b13,theme+customer+keyword_v2,75,2026-10-01T07:23:39.979875+00:00
7812309c9dae0d51,490d67156f0ceb92,theme+customer+keyword_v2,75,2026-10-01T07:23:39.979875+00:00
7812309c9dae0d51,6c78fbd35d0b7f3c,theme+customer+keyword_v2,75,2026-10-01T07:23:39.979875+00:00
7812309c9dae0d51,960ad99075e1c534,theme+customer+keyword_v2,75,2026-10-01T07:23:39.979875+00:00
7812309c9dae0d51,ac622571a11aec4d,theme+customer+keyword_v2,75,2026-10-01T07:23:39.979875+00:00
797d28ee9e338334,46dcd90a36968de6,theme+customer+keyword_v2,65,2026-10-01T07:23:39.979875+00:00
797d28ee9e338334,cfd21b17bee42bc2,theme+customer+keyword_v2,65,2026-10-01T07:23:39.979875+00:00
7d5bde89469bbe7f,8e517c36d7400bc7,theme+customer+keyword_v2,75,2026-10-01T07:23:39.979875+00:00
7d5bde89469bbe7f,ab66b20dbb926d24,theme+customer+keyword_v2,75,2026-10-01T07:23:39.979875+00:00
82c1c62d90c1ccfb,683ccd511af42668,theme+customer+keyword_v2,75,2026-10-01T07:23:39.979875+00:00
82c1c62d90c1ccfb,b3772c3776fa4f4c,theme+customer+keyword_v2,75,2026-10-01T07:23:39.979875+00:00
82c1c62d90c1ccfb,d1bd5864db1a491f,theme+customer+keyword_v2,75,2026-10-01T07:23:39.979875+00:00
82c1c62d90c1ccfb,dbda0a74aace91d6,theme+customer+keyword_v2,75,2026-10-01T07:23:39.979875+00:00
82c1c62d90c1ccfb,e54c0104c75c3995,theme+customer+keyword_v2,75,2026-10-01T07:23:39.979875+00:00
8744c10a28c21ca5,1a932336a33dd1a4,theme+customer+keyword_v2,75,2026-10-01T07:23:39.979875+00:00
8744c10a28c21ca5,1df399c6b021fce8,theme+customer+keyword_v2,75,2026-10-01T07:23:39.979875+00:00
8744c10a28c21ca5,8653175f43d84be1,theme+customer+keyword_v2,75,2026-10-01T07:23:39.979875+00:00
8744c10a28c21ca5,d8513ea15c5a9130,theme+customer+keyword_v2,75,2026-10-01T07:23:39.979875+00:00
879fc1f1bb3a3862,3d53e3a8a1152baa,theme+customer+keyword_v2,75,2026-10-01T07:23:39.979875+00:00
879fc1f1bb3a3862,acf4f3662760b26b,theme+customer+keyword_v2,75,2026-10-01T07:23:39.979875+00:00
95af0c0738455f0f,1b182b541222eb74,theme+customer+keyword_v2,75,2026-10-01T07:23:39.979875+00:00
95af0c0738455f0f,83ca841318c3c126,theme+customer+keyword_v2,75,2026-10-01T07:23:39.979875+00:00
95af0c0738455f0f,e423ec77bbbea458,theme+customer+keyword_v2,75,2026-10-01T07:23:39.979875+00:00
971a9f5c9379e7aa,d9fd9adee271a0eb,theme+customer+keyword_v2,75,2026-10-01T07:23:39.979875+00:00
971a9f5c9379e7aa,e0e68196ec179262,theme+customer+keyword_v2,75,2026-10-01T07:23:39.979875+00:00
9ebd5a4fb72ddd60,0160ef6d5c7e6ba6,theme+customer+keyword_v2,75,2026-10-01T07:23:39.979875+00:00
9ebd5a4fb72ddd60,95064740506a1e36,theme+customer+keyword_v2,75,2026-10-01T07:23:39.979875+00:00
9ebd5a4fb72ddd60,efd68c02960504ec,theme+customer+keyword_v2,75,2026-10-01T07:23:39.979875+00:00
a116fed65698f712,81e9ea19d92b9c73,theme+customer+keyword_v2,65,2026-10-01T07:23:39.979875+00:00
a116fed65698f712,f4b949236d8d7ab2,theme+customer+keyword_v2,65,2026-10-01T07:23:39.979875+00:00
a18755d807095131,0fe38876a111405a,theme+customer+keyword_v2,75,2026-10-01T07:23:39.979875+00:00
a18755d807095131,4193b6aa0bd4137f,theme+customer+keyword_v2,75,2026-10-01T07:23:39.979875+00:00
a18755d807095131,547d00d0fef4bd7d,theme+customer+keyword_v2,75,2026-10-01T07:23:39.979875+00:00
a18755d807095131,61826140a88f95dc,theme+customer+keyword_v2,75,2026-10-01T07:23:39.979875+00:00
a18755d807095131,931f502100478547,theme+customer+keyword_v2,75,2026-10-01T07:23:39.979875+00:00
a18755d807095131,b0f85679e3ee7485,theme+customer+keyword_v2,75,2026-10-01T07:23:39.979875+00:00
a18755d807095131,b5b5b8b99ff4d904,theme+customer+keyword_v2,75,2026-10-01T07:23:39.979875+00:00
a18755d807095131,b85cdbf5d379cb72,theme+customer+keyword_v2,65,2026-10-01T07:23:39.979875+00:00
a18755d807095131,bf6add394ce2cb68,theme+customer+keyword_v2,75,2026-10-01T07:23:39.979875+00:00
a18755d807095131,c20a20ab32cbd865,theme+customer+keyword_v2,65,2026-10-01T07:23:39.979875+00:00
a18755d807095131,ec6b9cbc6a06e480,theme+customer+keyword_v2,75,2026-10-01T07:23:39.979875+00:00
a18755d807095131,efda829c1073b036,theme+customer+keyword_v2,65,2026-10-01T07:23:39.979875+00:00
a18755d807095131,ff3b0fdf4fddc7ba,theme+customer+keyword_v2,85,2026-10-01T07:23:39.979875+00:00
a29a8671d244d964,2660ec07e647ec22,theme+customer+keyword_v2,75,2026-10-01T07:23:39.979875+00:00
a29a8671d244d964,29ece2abaae8cc54,theme+customer+keyword_v2,75,2026-10-01T07:23:39.979875+00:00
a29a8671d244d964,39210f2827b143b4,theme+customer+keyword_v2,75,2026-10-01T07:23:39.979875+00:00
a29a8671d244d964,5fb619e13c01e66a,theme+customer+keyword_v2,75,2026-10-01T07:23:39.979875+00:00
a29a8671d244d964,659d5cc0af872a32,theme+customer+keyword_v2,75,2026-10-01T07:23:39.979875+00:00
a29a8671d244d964,94b0e48be264354d,theme+customer+keyword_v2,75,2026-10-01T07:23:39.979875+00:00
a29a8671d244d964,c235f97e6a352b9d,theme+customer+keyword_v2,75,2026-10-01T07:23:39.979875+00:00
a29a8671d244d964,e2d53d390bc6face,theme+customer+keyword_v2,75,2026-10-01T07:23:39.979875+00:00
a29a8671d244d964,e4c625fd5fa5be1d,theme+customer+keyword_v2,75,2026-10-01T07:23:39.979875+00:00
a29a8671d244d964,ed238e79ff214ce2,theme+customer+keyword_v2,75,2026-10-01T07:23:39.979875+00:00
a29a8671d244d964,f1a33b2b391cdc29,theme+customer+keyword_v2,75,2026-10-01T07:23:39.979875+00:00
a29a8671d244d964,fab3ea2002622c31,theme+customer+keyword_v2,75,2026-10-01T07:23:39.979875+00:00
a2e7236538f6ac43,7dcb967db8718952,theme+customer+keyword_v2,85,2026-10-01T07:23:39.979875+00:00
a2e7236538f6ac43,981dac59c0bed7f3,theme+customer+keyword_v2,75,2026-10-01T07:23:39.979875+00:00
a2e7236538f6ac43,a317f4ac4ac1ab5f,theme+customer+keyword_v2,75,2026-10-01T07:23:39.979875+00:00
a2e7236538f6ac43,e9cf2202f6c8ae7d,theme+customer+keyword_v2,85,2026-10-01T07:23:39.979875+00:00
b7f285847d4bc2f7,649168eba99eb933,theme+customer+keyword_v2,75,2026-10-01T07:23:39.979875+00:00
b7f285847d4bc2f7,e7623cd9e79a0c39,theme+customer+keyword_v2,75,2026-10-01T07:23:39.979875+00:00
b93f502ab1dc6acc,1c0671f71d09bcdf,theme+customer+keyword_v2,85,2026-10-01T07:23:39.979875+00:00
b93f502ab1dc6acc,8ae6957eac41b88c,theme+customer+keyword_v2,75,2026-10-01T07:23:39.979875+00:00
b93f502ab1dc6acc,bb3e077aed3acbbc,theme+customer+keyword_v2,85,2026-10-01T07:23:39.979875+00:00
bb55b73a16e534bc,041b927ea7c2b866,theme+customer+keyword_v2,75,2026-10-01T07:23:39.979875+00:00
bb55b73a16e534bc,8e7ff9dd59df989e,theme+customer+keyword_v2,75,2026-10-01T07:23:39.979875+00:00
bb55b73a16e534bc,95804af497d4fbf3,theme+customer+keyword_v2,75,2026-10-01T07:23:39.979875+00:00
bb55b73a16e534bc,c70f330cd02d73a0,theme+customer+keyword_v2,75,2026-10-01T07:23:39.979875+00:00
bb55b73a16e534bc,c77da294ab277b84,theme+customer+keyword_v2,85,2026-10-01T07:23:39.979875+00:00
bb55b73a16e534bc,d06b36d3eb8636c3,theme+customer+keyword_v2,75,2026-10-01T07:23:39.979875+00:00
bb55b73a16e534bc,db6c7579232e2901,theme+customer+keyword_v2,75,2026-10-01T07:23:39.979875+00:00
bb55b73a16e534bc,ef9f3890d905fb54,theme+customer+keyword_v2,75,2026-10-01T07:23:39.979875+00:00
bb55b73a16e534bc,f1b413473ffe935b,theme+customer+keyword_v2,75,2026-10-01T07:23:39.979875+00:00
bf1d066a61510609,90e3e13751701a15,theme+customer+keyword_v2,75,2026-10-01T07:23:39.979875+00:00
bf1d066a61510609,c4fde1340a1ddb5c,theme+customer+keyword_v2,75,2026-10-01T07:23:39.979875+00:00
c1ef4aa350a63069,03c4669e9dd0f8bb,theme+customer+keyword_v2,85,2026-10-01T07:23:39.979875+00:00
c1ef4aa350a63069,09d4d65dd57d83e3,theme+customer+keyword_v2,95,2026-10-01T07:23:39.979875+00:00
c1ef4aa350a63069,11508e31c6ba6e9e,theme+customer+keyword_v2,75,2026-10-01T07:23:39.979875+00:00
c1ef4aa350a63069,120d282e8a4decab,theme+customer+keyword_v2,75,2026-10-01T07:23:39.979875+00:00
c1ef4aa350a63069,5ce3ff9941474210,theme+customer+keyword_v2,75,2026-10-01T07:23:39.979875+00:00
c1ef4aa350a63069,6d1d9e408b2e68cf,theme+customer+keyword_v2,75,2026-10-01T07:23:39.979875+00:00
c1ef4aa350a63069,71c22fb1ade122b9,theme+customer+keyword_v2,85,2026-10-01T07:23:39.979875+00:00
c1ef4aa350a63069,831395edc4292e29,theme+customer+keyword_v2,75,2026-10-01T07:23:39.979875+00:00
c1ef4aa350a63069,a2ccd287a72f0e5d,theme+customer+keyword_v2,85,2026-10-01T07:23:39.979875+00:00
c1ef4aa350a63069,c3b9ef7300dbbafa,theme+customer+keyword_v2,85,2026-10-01T07:23:39.979875+00:00
c1ef4aa350a63069,c634df1bdbd09bde,theme+customer+keyword_v2,95,2026-10-01T07:23:39.979875+00:00
c1ef4aa350a63069,cacea83594418a6a,theme+customer+keyword_v2,85,2026-10-01T07:23:39.979875+00:00
c1ef4aa350a63069,d7dee03c9431ea7a,theme+customer+keyword_v2,75,2026-10-01T07:23:39.979875+00:00
c6e3c0de089baff2,0eac37e31215a21a,theme+customer+keyword_v2,75,2026-10-01T07:23:39.979875+00:00
c6e3c0de089baff2,34f0b6b769d32d92,theme+customer+keyword_v2,75,2026-10-01T07:23:39.979875+00:00
c846ee69311d7b5b,4c2dcda19395bd99,theme+customer+keyword_v2,75,2026-10-01T07:23:39.979875+00:00
c846ee69311d7b5b,d89886db14838fca,theme+customer+keyword_v2,75,2026-10-01T07:23:39.979875+00:00
cbde42c9d34149d8,a748b249362615fc,theme+customer+keyword_v2,75,2026-10-01T07:23:39.979875+00:00
cbde42c9d34149d8,f698750292fd2cc3,theme+customer+keyword_v2,75,2026-10-01T07:23:39.979875+00:00
cf6fdc6668c3bfd1,37276a2459b5ad42,theme+customer+keyword_v2,75,2026-10-01T07:23:39.979875+00:00
cf6fdc6668c3bfd1,f373ee9b0a3502d7,theme+customer+keyword_v2,75,2026-10-01T07:23:39.979875+00:00
db6f8afd585e8c10,106f11831cd33e6d,theme+customer+keyword_v2,85,2026-10-01T07:23:39.979875+00:00
db6f8afd585e8c10,ad0c8de7898b2176,theme+customer+keyword_v2,85,2026-10-01T07:23:39.979875+00:00
e0a3ebab9f4d0206,135ae353b2b7cffd,theme+customer+keyword_v2,75,2026-10-01T07:23:39.979875+00:00
e0a3ebab9f4d0206,3e1963874d172f20,theme+customer+keyword_v2,75,2026-10-01T07:23:39.979875+00:00
e0a3ebab9f4d0206,6212340ced4b7fdd,theme+customer+keyword_v2,75,2026-10-01T07:23:39.979875+00:00
e0a3ebab9f4d0206,6cd3782ab8fc488e,theme+customer+keyword_v2,75,2026-10-01T07:23:39.979875+00:00
e0a3ebab9f4d0206,87ed1f9ee75b553d,theme+customer+keyword_v2,75,2026-10-01T07:23:39.979875+00:00
e0a3ebab9f4d0206,a8242548e6614227,theme+customer+keyword_v2,75,2026-10-01T07:23:39.979875+00:00
e0a3ebab9f4d0206,c402c231cf08b5ec,theme+customer+keyword_v2,75,2026-10-01T07:23:39.979875+00:00
e0a3ebab9f4d0206,d089da02f19009da,theme+customer+keyword_v2,75,2026-10-01T07:23:39.979875+00:00
e0a3ebab9f4d0206,df1908e96d408d8b,theme+customer+keyword_v2,85,2026-10-01T07:23:39.979875+00:00
e0a3ebab9f4d0206,f5ab826efac04143,theme+customer+keyword_v2,75,2026-10-01T07:23:39.979875+00:00
e58f41f9e4455137,104d32f030c3273f,theme+customer+keyword_v2,95,2026-10-01T07:23:39.979875+00:00
e58f41f9e4455137,ac02de1e5a1294a9,theme+customer+keyword_v2,75,2026-10-01T07:23:39.979875+00:00
e58f41f9e4455137,f49a3e9a889f4c29,theme+customer+keyword_v2,85,2026-10-01T07:23:39.979875+00:00
e7ccf3b65309219a,79724e53895a764e,theme+customer+keyword_v2,75,2026-10-01T07:23:39.979875+00:00
e7ccf3b65309219a,7cc8eb7f9f52803e,theme+customer+keyword_v2,75,2026-10-01T07:23:39.979875+00:00
e7ccf3b65309219a,f506e310d732fd33,theme+customer+keyword_v2,75,2026-10-01T07:23:39.979875+00:00
f2f1faf1fc07ef8d,8124bbf2311a866e,theme+customer+keyword_v2,75,2026-10-01T07:23:39.979875+00:00
f2f1faf1fc07ef8d,e8dc156e9ee3e57a,theme+customer+keyword_v2,75,2026-10-01T07:23:39.979875+00:00
f779dafe9357bf3a,05cd24c6a5f2deaf,theme+customer+keyword_v2,75,2026-10-01T07:23:39.979875+00:00
f779dafe9357bf3a,3ddf44485d6f8b1d,theme+customer+keyword_v2,75,2026-10-01T07:23:39.979875+00:00
f779dafe9357bf3a,4bf6cf04fd16e917,theme+customer+keyword_v2,75,2026-10-01T07:23:39.979875+00:00
f779dafe9357bf3a,64e6da11a3b64473,theme+customer+keyword_v2,75,2026-10-01T07:23:39.979875+00:00
f779dafe9357bf3a,680215dfe9281be9,theme+customer+keyword_v2,75,2026-10-01T07:23:39.979875+00:00
f779dafe9357bf3a,6c6a867409de5047,theme+customer+keyword_v2,75,2026-10-01T07:23:39.979875+00:00
f779dafe9357bf3a,a7b8b6d2ae0f66b3,theme+customer+keyword_v2,75,2026-10-01T07:23:39.979875+00:00
f779dafe9357bf3a,a8905bdb08b35f9d,theme+customer+keyword_v2,75,2026-10-01T07:23:39.979875+00:00
f779dafe9357bf3a,b7e516adc74ad90d,theme+customer+keyword_v2,75,2026-10-01T07:23:39.979875+00:00
f779dafe9357bf3a,bd3c8ac3d78282a4,theme+customer+keyword_v2,75,2026-10-01T07:23:39.979875+00:00
f779dafe9357bf3a,c0096a7be449e5e6,theme+customer+keyword_v2,85,2026-10-01T07:23:39.979875+00:00
f779dafe9357bf3a,c83bec2f87ef02e0,theme+customer+keyword_v2,75,2026-10-01T07:23:39.979875+00:00
f779dafe9357bf3a,cf950a1ca661db44,theme+customer+keyword_v2,75,2026-10-01T07:23:39.979875+00:00
f779dafe9357bf3a,e24fe7406a42966b,theme+customer+keyword_v2,75,2026-10-01T07:23:39.979875+00:00
f779dafe9357bf3a,e60bd76624a55a83,theme+customer+keyword_v2,75,2026-10-01T07:23:39.979875+00:00
f779dafe9357bf3a,ebbed0d2a161d20d,theme+customer+keyword_v2,75,2026-10-01T07:23:39.979875+00:00
ffcfcec7a0ca4de4,31a9b3f2704273d4,theme+customer+keyword_v2,75,2026-10-01T07:23:39.979875+00:00
ffcfcec7a0ca4de4,4d5b671b08ebd77b,theme+customer+keyword_v2,75,2026-10-01T07:23:39.979875+00:00
ffcfcec7a0ca4de4,c85cd4c49f5a0ead,theme+customer+keyword_v2,75,2026-10-01T07:23:39.979875+00:00
